Date,SPY,QQQ,IEF,LQD,GLD
2019-12-02,282.676117,194.997513,94.162956,99.824394,137.789993
2019-12-03,280.780334,193.470154,95.002731,100.594261,139.110001
2019-12-04,282.512878,194.449905,94.637962,100.460732,138.919998
2019-12-05,283.020782,194.834167,94.417435,100.350754,139.0
2019-12-06,285.605896,196.918655,94.129082,100.295723,137.619995
2019-12-09,284.707916,196.025299,94.205406,100.280052,137.580002
2019-12-10,284.390442,195.861984,94.095139,100.280052,137.970001
2019-12-11,285.197723,196.899414,94.485352,100.672806,138.919998
2019-12-12,287.655823,198.369064,93.738876,100.209351,138.429993
2019-12-13,287.828217,199.022324,94.290237,100.861374,139.050003
2019-12-16,289.805603,201.020325,93.849152,100.633537,139.039993
2019-12-17,289.86911,201.13559,93.857628,100.554985,139.009995
2019-12-18,289.887268,201.289246,93.603149,100.484283,139.020004
2019-12-19,291.0755,202.547623,93.676201,100.583534,139.380005
2019-12-20,292.351654,203.36412,93.676201,100.552017,139.520004
2019-12-23,292.798279,203.901276,93.591225,100.599304,139.949997
2019-12-24,292.807404,204.007217,93.752686,100.701668,141.270004
2019-12-26,294.366119,205.807358,93.888542,100.882843,142.380005
2019-12-27,294.293152,205.634048,94.024475,101.02462,142.330002
2019-12-30,292.670624,204.286331,93.965004,101.20578,142.630005
2019-12-31,293.381531,204.671402,93.625267,100.7883,142.899994
2020-01-02,296.125305,208.088867,94.058449,101.000984,143.949997
2020-01-03,293.882996,206.182785,94.687027,101.347557,145.860001
2020-01-06,295.004211,207.511292,94.585075,101.008842,147.389999
2020-01-07,294.174683,207.482361,94.449173,100.748917,147.970001
2020-01-08,295.742493,209.041916,94.228355,100.607117,146.860001
2020-01-09,297.747803,210.813202,94.296272,101.087616,146.029999
2020-01-10,296.890991,210.274109,94.500175,101.37117,146.910004
2020-01-13,298.932739,212.699997,94.389725,101.127007,145.820007
2020-01-14,298.47702,211.862503,94.57663,101.253067,145.690002
2020-01-15,299.15155,211.949112,94.814468,101.473602,146.539993
2020-01-16,301.639984,213.980377,94.619102,101.615387,146.309998
2020-01-17,302.578857,215.039291,94.542648,101.599617,146.580002
2020-01-21,301.986328,214.943024,94.916389,102.087944,146.740005
2020-01-22,302.022827,215.510956,94.933365,102.143097,146.789993
2020-01-23,302.369171,216.204086,95.171211,102.276978,147.119995
2020-01-24,299.680237,214.384628,95.511009,102.450294,147.979996
2020-01-27,294.876465,209.956406,96.156555,102.647163,148.990005
2020-01-28,297.966553,213.181381,95.833771,102.592087,147.660004
2020-01-29,297.720551,213.527893,96.292496,102.922836,148.460007
2020-01-30,298.686707,214.288391,96.38591,102.985863,148.470001
2020-01-31,293.263214,210.890228,96.870117,103.253647,149.330002
2020-02-03,295.44162,214.076569,96.78759,103.17234,148.360001
2020-02-04,299.94455,218.976562,96.226196,102.919678,146.429993
2020-02-05,303.408325,219.698547,95.809441,102.856476,146.610001
2020-02-06,304.42923,221.595001,95.877464,102.809113,147.399994
2020-02-07,302.806793,220.641983,96.336761,103.203926,147.789993
2020-02-10,305.067322,223.308563,96.523911,103.44873,148.169998
2020-02-11,305.595978,223.347046,96.294228,103.298691,147.660004
2020-02-12,307.56485,225.52269,96.047569,103.251305,147.539993
2020-02-13,307.236694,225.233856,96.132637,103.180237,148.380005
2020-02-14,307.728912,225.87886,96.370804,103.43293,149.0
2020-02-18,306.935913,225.965485,96.523911,103.630356,150.910004
2020-02-19,308.403473,228.131516,96.506943,103.488251,151.789993
2020-02-20,307.136353,226.013626,96.78759,103.835701,152.410004
2020-02-21,303.973511,221.672028,97.178871,104.041008,154.699997
2020-02-24,293.89209,213.123581,97.93586,104.056816,156.089996
2020-02-25,284.986481,207.328384,98.208023,104.159447,153.300003
2020-02-26,283.938263,208.396927,98.156998,103.772514,153.970001
2020-02-27,271.186157,197.961685,98.633385,103.219742,154.0
2020-02-28,270.046722,198.115692,99.739113,104.380539,148.380005
2020-03-02,281.741516,208.339142,99.670952,104.276863,149.199997
2020-03-03,273.674683,201.658249,100.829155,105.464531,153.889999
2020-03-04,285.177979,210.071945,100.607735,105.614967,154.160004
2020-03-05,275.698181,203.689529,101.50193,105.57534,157.490005
2020-03-06,271.140503,200.252808,102.532341,106.311737,157.550003
2020-03-09,249.965927,186.342346,103.45208,103.730553,157.809998
2020-03-10,262.900391,196.488815,101.553001,101.394798,154.479996
2020-03-11,250.084488,187.93074,100.539635,98.061417,153.929993
2020-03-12,226.157059,170.699097,100.590736,93.382004,147.789993
2020-03-13,245.490372,185.158279,99.934952,97.428017,143.279999
2020-03-16,218.627914,162.978607,102.574913,96.042374,141.639999
2020-03-17,230.432083,175.339127,100.003098,92.1073,143.559998
2020-03-18,218.764633,170.006012,98.615005,87.499123,140.699997
2020-03-19,219.229507,171.026382,98.938622,83.176003,138.039993
2020-03-20,209.782013,164.326263,101.459328,84.514153,140.110001
2020-03-23,204.418228,164.444916,102.660095,90.761185,146.300003
2020-03-24,222.939224,177.179169,101.961761,92.621902,153.399994
2020-03-25,226.276642,175.867157,102.02137,97.05584,151.300003
2020-03-26,239.488876,185.128357,102.268349,97.135017,153.240005
2020-03-27,232.355545,178.761246,103.026245,96.937088,152.25
2020-03-30,239.90152,185.263428,103.264679,98.116814,152.919998
2020-03-31,236.325638,183.68129,103.45208,97.792183,148.050003
2020-04-01,225.689804,175.876816,103.873253,96.371346,149.449997
2020-04-02,230.89772,179.446213,103.890305,96.625328,151.899994
2020-04-03,227.560257,176.899338,103.96701,96.125259,152.649994
2020-04-06,242.84465,189.546768,103.49807,98.022377,156.880005
2020-04-07,243.092255,189.469559,103.037689,98.173195,156.039993
2020-04-08,251.252457,193.492447,102.909798,99.943344,154.649994
2020-04-09,255.075851,193.772217,103.131523,104.642395,158.690002
2020-04-13,252.746979,195.865677,102.909798,103.626366,161.410004
2020-04-14,260.201233,204.384048,103.046219,103.118385,162.679993
2020-04-15,254.67244,202.039795,103.96701,103.808945,161.850006
2020-04-16,255.901077,205.725037,104.077888,103.292999,161.710007
2020-04-17,262.814301,207.693008,103.805046,103.634354,158.570007
2020-04-20,258.184143,205.233032,104.077888,103.046936,159.699997
2020-04-21,250.344772,197.659988,104.36776,102.681786,158.610001
2020-04-22,255.901077,203.525452,104.043785,102.7453,161.729996
2020-04-23,255.882721,203.091324,104.111946,103.181892,163.339996
2020-04-24,259.449402,206.294189,104.13755,103.11042,162.639999
2020-04-27,263.190216,207.953461,103.583359,102.276985,161.559998
2020-04-28,261.979919,204.036774,104.035271,102.554787,160.839996
2020-04-29,268.838165,211.272079,103.984085,103.229538,161.729996
2020-04-30,266.335144,211.185257,103.736832,102.530998,158.800003
2020-05-01,259.284363,205.233032,103.880264,102.125175,159.779999
2020-05-04,259.999481,207.625519,103.897308,102.284317,160.339996
2020-05-05,262.401733,209.979401,103.820518,102.149025,161.020004
2020-05-06,260.622955,211.272079,103.436401,101.003151,158.949997
2020-05-07,263.767853,213.992584,104.068016,101.27372,161.389999
2020-05-08,268.132141,216.925323,103.726593,100.788315,160.419998
2020-05-11,268.187286,218.86438,103.436401,99.905022,159.419998
2020-05-12,262.841827,214.282043,103.777832,100.867897,160.039993
2020-05-13,258.193237,211.600082,103.991196,101.098686,161.580002
2020-05-14,261.283081,214.002213,104.153351,101.934181,163.009995
2020-05-15,262.484253,215.391434,104.085091,102.29229,163.929993
2020-05-18,270.479401,219.404602,103.444946,102.873131,162.690002
2020-05-19,267.701263,218.854736,103.735153,102.952736,164.259995
2020-05-20,272.248993,223.224899,103.76075,104.082657,164.649994
2020-05-21,270.369415,220.793808,103.82901,104.00312,162.25
2020-05-22,270.882935,221.555923,104.025345,104.00312,163.210007
2020-05-26,274.220337,220.957809,103.752205,103.85984,160.889999
2020-05-27,278.300476,222.163696,103.837547,104.289551,161.179993
2020-05-28,277.786957,221.874268,103.74366,104.377098,161.720001
2020-05-29,279.024689,225.125366,104.076515,105.053513,162.910004
2020-06-01,280.152405,225.80069,104.035538,105.007187,163.660004
2020-06-02,282.472137,227.315277,103.864662,105.342216,162.600006
2020-06-03,286.231354,228.337845,103.249489,105.278465,159.600006
2020-06-04,285.479523,226.73642,102.839432,104.959366,161.279999
2020-06-05,292.796234,231.23201,102.326805,105.501785,158.009995
2020-06-08,296.335449,233.026382,102.437874,105.852776,159.720001
2020-06-09,294.125763,234.714645,102.805252,105.629425,161.259995
2020-06-10,292.484528,237.53157,103.574203,106.323395,163.570007
2020-06-11,275.623047,225.76207,103.941528,105.055099,162.389999
2020-06-12,278.92392,227.556427,103.710846,105.565575,162.619995
2020-06-15,281.527802,230.325195,103.625427,107.065231,162.330002
2020-06-16,286.946594,234.280518,103.411835,106.770111,162.25
2020-06-17,285.754608,235.023331,103.574203,106.562714,162.559998
2020-06-18,285.864624,235.660049,103.804817,106.80204,162.240005
2020-06-19,284.230927,235.62146,103.83902,106.881775,164.029999
2020-06-22,286.054382,238.447205,103.745033,106.778069,165.089996
2020-06-23,287.371185,240.476608,103.710846,106.578674,166.479996
2020-06-24,280.040802,235.518997,103.907341,106.283508,165.899994
2020-06-25,283.042938,237.761032,103.924477,106.395164,165.800003
2020-06-26,276.320282,232.146317,104.206406,106.490929,166.539993
2020-06-29,280.381531,234.678238,104.308937,106.985474,166.630005
2020-06-30,283.973114,239.278259,104.120956,107.288597,167.369995
2020-07-01,285.96228,242.071121,103.958504,107.712334,166.619995
2020-07-02,287.537048,243.714066,104.086761,107.976196,166.979996
2020-07-06,291.9758,249.705627,103.9328,108.25605,167.979996
2020-07-07,288.964447,247.985458,104.266357,108.39994,169.039993
2020-07-08,291.174652,251.251877,104.103851,108.224052,170.089996
2020-07-09,289.516998,253.368271,104.437347,108.831696,169.630005
2020-07-10,292.473145,255.098114,104.232117,108.63179,169.190002
2020-07-13,289.940552,249.850601,104.343285,108.343994,169.399994
2020-07-14,293.697937,251.619064,104.334724,108.975594,170.190002
2020-07-15,296.39621,252.131271,104.300537,109.191505,170.339996
2020-07-16,295.420044,250.411072,104.377502,109.4953,168.729996
2020-07-17,296.276611,250.70105,104.351845,109.79113,170.119995
2020-07-20,298.670807,257.813599,104.420235,110.094933,170.940002
2020-07-21,299.306274,255.126999,104.53141,110.238846,173.0
2020-07-22,301.009918,256.025818,104.565628,110.598663,175.630005
2020-07-23,297.418457,249.338394,104.668243,110.678551,177.179993
2020-07-24,295.50296,246.970718,104.616936,110.430748,178.699997
2020-07-27,297.657867,251.377472,104.454437,110.094933,182.229996
2020-07-28,295.77002,248.178741,104.702454,109.983047,183.75
2020-07-29,299.407562,251.039246,104.839264,110.582649,185.130005
2020-07-30,298.339325,252.353546,104.984657,110.462746,183.759995
2020-07-31,300.696808,256.856873,105.010338,110.614639,185.429993
2020-08-03,302.787415,260.326355,104.958931,110.762886,185.639999
2020-08-04,303.95697,261.292633,105.318398,111.171501,189.589996
2020-08-05,305.844727,261.940186,104.967514,111.019257,191.350006
2020-08-06,307.889191,265.409424,105.08728,111.492004,193.889999
2020-08-07,308.11026,262.346039,104.864792,111.179527,190.809998
2020-08-10,309.031281,261.225037,104.753555,110.939102,190.149994
2020-08-11,306.480194,256.277161,104.394066,110.242073,179.940002
2020-08-12,310.753265,262.7229,104.085976,109.969643,179.100006
2020-08-13,310.191528,263.322144,103.872032,108.976105,183.330002
2020-08-14,310.200745,263.012756,103.923378,108.495384,182.539993
2020-08-17,311.186066,266.066559,104.094559,108.719704,186.5
2020-08-18,311.858337,268.627563,104.274269,109.032211,188.179993
2020-08-19,310.559845,266.820404,104.137337,108.743713,182.240005
2020-08-20,311.526947,270.521698,104.436852,109.128365,183.5
2020-08-21,312.631897,272.396484,104.513908,109.328644,182.029999
2020-08-24,315.799866,274.097382,104.368439,109.136345,181.0
2020-08-25,316.904999,276.25235,104.120232,108.663567,181.220001
2020-08-26,320.082214,282.1474,104.077431,108.70372,183.360001
2020-08-27,320.781982,281.267975,103.709396,107.838326,181.240005
2020-08-28,322.854065,282.698212,103.8806,108.16687,184.389999
2020-08-31,321.684509,284.969269,103.991859,108.647606,184.830002
2020-09-01,324.714325,289.839722,104.332726,109.33416,185.050003
2020-09-02,329.411011,292.584381,104.478317,109.767746,182.619995
2020-09-03,318.074524,277.750244,104.615334,109.526833,181.139999
2020-09-04,315.477631,274.049042,104.032974,108.362541,181.639999
2020-09-08,306.857666,260.877136,104.255615,108.466934,181.289993
2020-09-09,312.91748,268.540588,104.204277,108.5392,183.050003
2020-09-10,307.48407,263.186768,104.332726,108.619484,182.460007
2020-09-11,307.640594,261.36026,104.495438,108.699783,182.449997
2020-09-14,311.692627,265.911957,104.401207,108.97287,183.889999
2020-09-15,313.267487,269.680969,104.349831,109.093231,183.449997
2020-09-16,312.02417,265.380524,104.289902,109.165512,183.970001
2020-09-17,309.279755,261.23465,104.324188,109.189598,182.960007
2020-09-18,305.719208,257.900665,104.229958,108.988846,183.199997
2020-09-21,302.31662,258.519165,104.418343,108.884506,179.520004
2020-09-22,305.395569,263.322144,104.418343,108.948669,178.649994
2020-09-23,298.31311,255.281754,104.418343,108.161797,174.789993
2020-09-24,299.108185,256.470398,104.469727,107.888748,175.440002
2020-09-25,303.944,262.433014,104.555382,107.776367,174.940002
2020-09-28,308.99234,267.883453,104.538277,108.322388,176.699997
2020-09-29,307.309418,266.675476,104.615334,108.18589,178.190002
2020-09-30,309.639557,268.501831,104.332726,108.169815,177.119995
2020-10-01,311.627289,272.763672,104.391891,108.470787,178.699997
2020-10-02,308.668671,265.090576,104.289009,108.48687,178.539993
2020-10-05,314.142303,270.743958,103.629135,108.124748,179.410004
2020-10-06,309.676392,265.911957,103.869087,108.036255,177.300003
2020-10-07,315.066803,270.511993,103.569122,108.068405,177.220001
2020-10-08,317.859161,271.951965,103.757668,108.334,177.850006
2020-10-09,320.697662,276.107513,103.706245,108.583443,181.080002
2020-10-12,325.856964,284.63092,103.81768,109.211205,180.559998
2020-10-13,323.730408,284.621338,104.049042,109.106522,177.720001
2020-10-14,321.696167,282.244019,104.083351,109.211205,178.270004
2020-10-15,321.298676,280.349823,103.971924,109.098473,178.919998
2020-10-16,321.104523,278.813263,103.911919,108.913391,178.300003
2020-10-19,316.222717,274.261566,103.74054,108.70417,178.389999
2020-10-20,317.489319,274.851166,103.517677,108.478882,179.25
2020-10-21,316.888397,274.63855,103.380569,108.301819,180.600006
2020-10-22,318.626556,274.628784,103.02063,108.06041,178.830002
2020-10-23,319.708374,275.169983,103.166321,108.334,178.639999
2020-10-26,313.800171,271.043518,103.440575,108.559334,178.550003
2020-10-27,312.718384,273.159943,103.671967,109.00193,179.020004
2020-10-28,302.030029,262.510315,103.663376,108.462776,176.130005
2020-10-29,305.099731,267.100708,103.226318,108.181137,175.399994
2020-10-30,301.919128,260.326355,102.892105,107.617775,176.199997
2020-11-02,305.303101,260.906097,103.068718,108.039528,177.910004
2020-11-03,310.693573,265.41925,102.837219,108.144409,178.919998
2020-11-04,317.637268,277.267181,103.703339,109.765343,178.820007
2020-11-05,323.832062,284.495758,103.686195,110.176651,182.929993
2020-11-06,323.758148,284.708282,103.334595,109.829849,183.190002
2020-11-09,327.826355,278.890686,102.571381,108.999229,175.080002
2020-11-10,327.345612,273.89444,102.279793,108.716927,175.660004
2020-11-11,329.777344,280.021332,102.442726,108.918564,174.899994
2020-11-12,326.578186,278.707031,103.025864,109.354057,175.960007
2020-11-13,331.099396,281.151947,102.888626,109.483093,177.160004
2020-11-16,335.232452,283.345642,102.811493,109.837929,177.149994
2020-11-17,333.429382,282.44693,103.077339,110.19278,176.5
2020-11-18,329.416687,280.359467,103.043007,110.426651,175.490005
2020-11-19,330.803528,282.553284,103.154495,111.039505,175.160004
2020-11-20,328.538269,280.620361,103.334595,110.942757,175.690002
2020-11-23,330.507721,280.630157,103.128784,111.079849,172.229996
2020-11-24,335.833405,284.572998,102.965851,110.829834,169.589996
2020-11-25,335.315613,286.322205,103.000153,110.894325,169.509995
2020-11-27,336.249512,288.960419,103.308861,111.289528,167.789993
2020-11-30,334.760803,289.549835,103.240242,111.676628,166.669998
2020-12-01,338.422241,293.260834,102.691048,111.25322,170.179993
2020-12-02,339.134247,293.637726,102.519455,110.881439,171.460007
2020-12-03,339.041718,294.053253,102.794067,111.31781,172.809998
2020-12-04,341.963531,295.251587,102.390717,110.703728,172.320007
2020-12-07,341.260834,296.923462,102.708221,110.80069,174.889999
2020-12-08,342.25943,297.928467,102.811195,110.671364,175.5
2020-12-09,339.189697,291.183075,102.665329,110.267403,172.5
2020-12-10,339.078796,292.352478,102.897026,110.816833,172.169998
2020-12-11,338.681183,291.704956,103.102974,110.929985,172.490005
2020-12-14,337.164856,293.821289,103.042923,110.84919,171.539993
2020-12-15,341.723083,296.962158,102.939926,111.067337,173.940002
2020-12-16,342.25943,298.595367,102.854134,110.978462,174.899994
2020-12-17,344.173248,300.547424,102.779388,111.140335,176.740005
2020-12-18,342.799072,299.639008,102.693504,111.059418,176.440002
2020-12-21,341.573425,299.07843,102.762222,110.840797,175.880005
2020-12-22,340.997681,299.891693,102.93399,111.148483,174.490005
2020-12-23,341.304108,298.381439,102.719299,111.172829,175.649994
2020-12-24,342.631927,299.69812,102.865265,111.553368,176.350006
2020-12-28,345.575409,302.718689,102.873848,111.626205,175.710007
2020-12-29,344.916077,302.989777,102.856689,111.674797,176.350006
2020-12-30,345.408264,302.99939,102.925369,111.820587,177.699997
2020-12-31,347.163208,303.744934,102.994072,111.844841,178.360001
2021-01-04,342.437012,299.456116,103.019814,111.278,182.330002
2021-01-05,344.795471,301.924774,102.779388,110.921806,182.869995
2021-01-06,346.856781,297.742432,102.178337,110.02301,179.899994
2021-01-07,352.010223,304.945374,101.817711,110.006783,179.479996
2021-01-08,354.01593,308.866425,101.525757,109.925865,173.339996
2021-01-11,351.629486,304.403198,101.328323,109.456177,173.0
2021-01-12,351.703766,303.91922,101.311134,109.691025,174.119995
2021-01-13,352.650848,305.971649,101.663155,110.541199,173.369995
2021-01-14,351.415924,304.335419,101.431343,110.063484,173.279999
2021-01-15,348.853149,301.924774,101.706093,110.233521,171.130005
2021-01-19,351.592346,306.329865,101.766197,110.427864,172.580002
2021-01-20,356.457947,313.455292,101.809166,110.395454,175.389999
2021-01-21,356.782837,315.96283,101.663155,109.958221,175.279999
2021-01-22,355.52005,315.052826,101.817711,109.877251,173.899994
2021-01-25,356.92215,317.657104,102.229881,110.346878,174.050003
2021-01-26,356.365051,318.121857,102.195534,110.338776,173.619995
2021-01-27,347.655334,309.253662,102.315742,110.14447,172.520004
2021-01-28,350.645172,311.083435,102.049591,109.966339,172.679993
2021-01-29,343.625458,304.538818,101.869255,109.79628,172.610001
2021-02-01,349.345184,312.148438,101.996414,110.012932,174.229996
2021-02-02,354.285126,317.240784,101.738647,109.720856,172.110001
2021-02-03,354.56369,315.982208,101.489479,109.46122,171.850006
2021-02-04,358.593597,319.719299,101.455093,109.647797,168.149994
2021-02-05,360.004883,320.803497,101.240311,109.355736,169.809998
2021-02-08,362.604889,322.95285,101.283264,109.826263,171.520004
2021-02-09,362.363495,322.885071,101.360596,109.655945,172.080002
2021-02-10,362.205566,322.149261,101.61834,109.915527,172.710007
2021-02-11,362.790558,323.92099,101.541039,109.623489,171.210007
2021-02-12,364.582581,325.731415,101.20591,109.266472,170.690002
2021-02-16,364.266968,324.850403,100.475616,108.49575,168.240005
2021-02-17,364.350525,323.291687,100.544342,109.039352,166.330002
2021-02-18,362.799835,321.878204,100.535759,108.828392,166.320007
2021-02-19,362.159088,320.474396,100.131935,108.041458,167.009995
2021-02-22,359.373505,312.167755,99.968666,107.368042,169.509995
2021-02-23,359.810028,311.238281,100.046005,107.449173,169.119995
2021-02-24,363.774811,313.803894,99.908546,107.611465,169.0
2021-02-25,355.009369,302.863953,98.576736,105.907707,165.820007
2021-02-26,353.180115,304.132111,99.461739,107.311256,161.809998
2021-03-01,361.741272,313.281128,99.349953,107.416161,161.529999
2021-03-02,358.918579,308.256378,99.530525,107.294174,162.410004
2021-03-03,354.164429,299.310852,98.997475,106.497498,160.619995
2021-03-04,349.781769,294.412048,98.507454,105.627632,159.039993
2021-03-05,356.216461,298.846008,98.369881,105.48941,159.139999
2021-03-08,354.442963,290.384521,97.983047,104.505737,157.490005
2021-03-09,359.50354,301.837677,98.447273,105.294304,160.839996
2021-03-10,361.741272,300.976013,98.653595,105.790222,161.660004
2021-03-11,365.409088,307.90799,98.619202,105.85527,161.520004
2021-03-12,365.901184,305.410095,97.905617,104.635818,161.490005
2021-03-15,368.083191,308.672699,98.025986,104.993538,162.199997
2021-03-16,367.619049,310.367004,98.008789,104.920341,162.350006
2021-03-17,368.872498,311.644928,97.845451,105.017906,163.509995
2021-03-18,363.505554,302.099091,97.235031,104.416313,162.559998
2021-03-19,362.832916,303.164062,97.174873,104.57077,163.240005
2021-03-22,365.730194,308.849335,97.492966,104.944733,163.0
2021-03-23,362.851593,307.501923,97.974426,105.25367,161.809998
2021-03-24,361.007019,302.315826,98.103378,105.570686,162.369995
2021-03-25,363.037872,301.792328,97.974426,105.448761,161.779999
2021-03-26,368.888275,306.319275,97.647697,105.375572,162.240005
2021-03-29,368.701935,306.231995,97.312454,105.123611,160.309998
2021-03-30,367.723755,304.690796,97.226433,105.448761,157.570007
2021-03-31,369.214264,309.353424,97.088882,105.725189,159.960007
2021-04-01,373.201477,314.626709,97.519028,106.388237,161.979996
2021-04-05,378.558075,320.908295,97.243767,105.866913,161.919998
2021-04-06,378.334564,320.685272,97.716888,106.575562,163.220001
2021-04-07,378.772308,321.460754,97.656677,106.3638,162.759995
2021-04-08,380.57019,324.814728,97.99218,106.754776,164.509995
2021-04-09,383.337097,326.782623,97.734108,106.534828,163.270004
2021-04-12,383.476807,326.356049,97.673836,106.510391,162.279999
2021-04-13,384.613342,330.16568,98.078209,106.982841,163.429993
2021-04-14,383.299835,326.200989,97.957771,106.836212,162.720001
2021-04-15,387.41748,331.144745,98.585739,107.495979,165.350006
2021-04-16,388.71228,331.532532,98.319061,106.762917,166.350006
2021-04-19,386.802521,328.498322,98.215836,106.485977,165.889999
2021-04-20,383.970581,326.104034,98.508324,106.689583,166.479996
2021-04-21,387.603668,328.895813,98.559937,107.056137,168.130005
2021-04-22,384.06366,324.931122,98.637375,107.16201,167.039993
2021-04-23,388.227814,329.02179,98.508324,107.25161,166.399994
2021-04-26,389.03833,331.164154,98.405075,107.202805,166.839996
2021-04-27,388.954559,329.729462,98.01799,106.722176,166.419998
2021-04-28,388.842743,328.614746,98.147018,106.738441,166.910004
2021-04-29,391.32077,329.797333,97.974968,106.608124,166.220001
2021-04-30,388.749573,327.635681,98.060982,106.828072,165.660004
2021-05-03,389.587982,325.890808,98.227997,107.085167,167.809998
2021-05-04,387.184509,320.026093,98.357124,107.150429,166.580002
2021-05-05,387.305634,318.950165,98.477638,107.281052,167.270004
2021-05-06,390.398499,321.354187,98.520668,107.485046,170.059998
2021-05-07,393.239807,323.961761,98.555107,107.525871,171.589996
2021-05-10,389.345764,315.780212,98.357124,106.946404,172.110001
2021-05-11,385.871002,315.344116,98.193535,106.554688,172.139999
2021-05-12,377.673096,307.182007,97.720108,105.975212,170.429993
2021-05-13,382.209778,309.557007,98.047226,106.375122,171.130005
2021-05-14,388.078857,316.391022,98.262436,106.954567,172.690002
2021-05-17,387.09137,314.471588,98.167725,106.832153,174.699997
2021-05-18,383.756287,312.348724,98.167725,106.481239,175.039993
2021-05-19,382.750183,312.707336,97.875053,106.29348,175.160004
2021-05-20,386.867798,318.756287,98.279625,107.01989,175.960007
2021-05-21,386.551086,316.992004,98.314072,107.09333,176.039993
2021-05-24,390.49173,322.323517,98.408752,107.387108,176.350006
2021-05-25,389.625214,322.769348,98.770294,107.787033,177.949997
2021-05-26,390.398499,323.89386,98.658401,107.729897,177.639999
2021-05-27,390.603424,322.682159,98.486244,107.403481,177.710007
2021-05-28,391.302185,323.700012,98.477638,107.493256,178.380005
2021-06-01,390.957458,322.624023,98.459541,107.507118,177.899994
2021-06-02,391.572266,323.25415,98.571526,107.678864,178.770004
2021-06-03,390.118958,319.890442,98.321701,107.253616,175.270004
2021-06-04,393.687012,325.318909,98.864418,108.014153,177.160004
2021-06-07,393.305115,326.288177,98.78688,107.924164,177.869995
2021-06-08,393.388855,326.443268,99.071114,108.333023,177.320007
2021-06-09,392.802032,326.520813,99.381218,108.725525,176.979996
2021-06-10,394.627899,329.92334,99.734421,109.216187,177.740005
2021-06-11,395.279938,330.78598,99.588005,109.306114,175.740005
2021-06-14,396.164978,333.955841,99.277878,108.905472,174.710007
2021-06-15,395.438354,331.77475,99.295128,108.987228,174.050003
2021-06-16,393.230469,330.563171,98.614601,108.676506,171.110001
2021-06-17,393.100067,334.760437,98.967766,109.281609,165.850006
2021-06-18,387.796967,332.133484,99.527702,109.854004,164.929993
2021-06-21,393.348694,334.197693,99.208969,109.216187,166.949997
2021-06-22,395.451599,337.312988,99.389854,109.396088,166.25
2021-06-23,394.974945,337.477997,99.191727,109.224373,166.139999
2021-06-24,397.311523,339.564514,99.1745,109.436974,166.039993
2021-06-25,398.72287,339.147186,98.967766,109.15078,166.589996
2021-06-28,399.526611,343.27179,99.277878,109.616859,166.580002
2021-06-29,399.741577,344.514038,99.329544,109.747749,164.830002
2021-06-30,400.078033,343.970551,99.484612,109.870346,165.630005
2021-07-01,402.293121,344.106415,99.413094,109.774513,166.199997
2021-07-02,405.368011,348.056366,99.775101,110.085793,167.289993
2021-07-06,404.629761,349.560486,100.300926,110.487274,168.119995
2021-07-07,406.05957,350.298126,100.593964,110.864143,168.759995
2021-07-08,402.751068,348.182434,100.852608,110.921524,168.649994
2021-07-09,407.050354,350.356323,100.344025,110.454514,169.210007
2021-07-12,408.508423,351.724823,100.292305,110.397179,169.0
2021-07-13,407.115784,351.724823,99.981979,109.987541,169.220001
2021-07-14,407.723267,352.355652,100.412971,110.495476,171.039993
2021-07-15,406.330719,349.880798,100.835342,110.733078,171.070007
2021-07-16,403.143616,347.046997,100.818115,110.5774,169.410004
2021-07-19,397.190033,344.203491,101.680107,111.372101,169.610001
2021-07-20,402.881897,348.201782,101.550819,111.216415,169.389999
2021-07-21,406.143829,350.890106,100.964653,110.823204,168.759995
2021-07-22,406.994232,353.209625,101.197403,111.282005,169.089996
2021-07-23,411.181488,357.334198,101.042213,111.232834,168.559998
2021-07-26,412.190826,357.615601,100.973282,110.987038,168.160004
2021-07-27,410.312195,353.675476,101.404274,111.462212,168.440002
2021-07-28,410.143921,355.034119,101.490456,111.658844,169.289993
2021-07-29,411.845032,355.665009,101.180168,111.339348,171.169998
2021-07-30,409.84494,353.811279,101.464577,111.429459,169.820007
2021-08-02,408.985077,353.840485,101.909683,111.751999,169.610001
2021-08-03,412.312408,355.985107,101.935577,111.86692,169.490005
2021-08-04,410.284241,356.499603,101.909683,111.891525,169.529999
2021-08-05,412.882446,358.760803,101.538811,111.431892,168.860001
2021-08-06,413.564789,357.188568,100.943626,110.520905,164.639999
2021-08-09,413.228302,357.848541,100.727959,110.044868,161.720001
2021-08-10,413.742401,356.014313,100.538216,109.798622,161.770004
2021-08-11,414.770447,355.402893,100.650406,109.971024,164.0
2021-08-12,416.013489,356.683929,100.54686,110.126915,164.039993
2021-08-13,416.770508,357.935944,101.124794,110.865593,166.389999
2021-08-16,417.751892,358.091095,101.349045,110.931252,167.220001
2021-08-17,415.013489,354.937073,101.297279,110.734283,166.970001
2021-08-18,410.4711,351.520905,101.245552,110.660423,167.100006
2021-08-19,411.106628,353.219299,101.469788,110.914841,166.610001
2021-08-20,414.377899,356.878082,101.374908,110.988701,166.699997
2021-08-23,418.022949,362.21579,101.400772,111.070824,168.729996
2021-08-24,418.686462,363.322113,101.124794,110.816345,168.649994
2021-08-25,419.565094,363.739319,100.727959,110.529083,167.479996
2021-08-26,417.088318,361.429626,100.727959,110.496284,167.669998
2021-08-27,420.817444,364.942841,101.055756,111.111839,170.190002
2021-08-30,422.66806,369.03833,101.254158,111.300591,169.350006
2021-08-31,422.041901,368.737457,101.0644,111.04615,169.690002
2021-09-01,422.266174,369.348785,101.107536,111.189247,169.699997
2021-09-02,423.565308,369.174103,101.228378,111.386543,169.25
2021-09-03,423.462524,370.309631,100.986694,110.983696,171.059998
2021-09-07,421.948334,370.833618,100.589676,110.45752,167.710007
2021-09-08,421.434418,369.542908,100.86586,110.810997,167.289993
2021-09-09,419.630493,368.271576,101.150696,111.534554,168.029999
2021-09-10,416.32196,365.476624,100.831352,111.213913,167.179993
2021-09-13,417.38739,365.224152,100.952164,111.485252,167.740005
2021-09-14,415.134918,364.185822,101.33197,111.822304,168.820007
2021-09-15,418.602417,366.893524,101.159302,111.690773,167.830002
2021-09-16,417.938751,367.145874,100.839973,111.534554,164.029999
2021-09-17,413.867676,362.798035,100.546471,111.287903,163.770004
2021-09-20,406.966766,355.301331,101.055748,111.633194,164.940002
2021-09-21,406.582245,355.738678,100.995331,111.624939,166.039993
2021-09-22,410.548492,359.061371,101.090279,111.937386,165.419998
2021-09-23,415.536682,362.37442,100.175339,111.164558,163.509995
2021-09-24,416.22113,362.714478,99.873283,110.926125,163.300003
2021-09-27,415.030334,359.819183,99.605698,110.868591,163.639999
2021-09-28,406.666718,349.637177,99.225922,109.684685,162.050003
2021-09-29,407.351105,349.063965,99.329468,109.660004,161.320007
2021-09-30,402.372437,347.781555,99.45034,109.372215,164.220001
2021-10-01,407.154297,349.938446,99.856293,110.167175,164.589996
2021-10-04,401.903564,342.593353,99.735382,109.985947,165.360001
2021-10-05,406.085388,347.217987,99.424431,109.532883,164.589996
2021-10-06,407.773102,349.442993,99.450272,109.565811,165.029999
2021-10-07,411.298645,352.649017,99.053009,109.079842,164.160004
2021-10-08,410.548492,350.890564,98.837067,108.577309,164.229996
2021-10-11,407.576202,348.199219,98.595245,108.371399,163.919998
2021-10-12,406.572937,346.984863,99.044357,109.063347,164.660004
2021-10-13,408.035675,349.763519,99.234367,109.615242,167.589996
2021-10-14,414.899017,356.204987,99.467598,110.134216,168.0
2021-10-15,418.058838,358.44928,98.97525,109.738808,165.330002
2021-10-18,419.29657,362.053802,98.837067,109.648193,164.919998
2021-10-19,422.531311,364.79361,98.482903,109.04686,165.449997
2021-10-20,424.190979,364.317535,98.439774,108.783272,166.899994
2021-10-21,425.297363,366.54248,98.180626,108.552628,166.75
2021-10-22,424.856689,363.462616,98.431129,108.989189,167.770004
2021-10-25,427.13504,367.183685,98.552025,109.038597,168.929993
2021-10-26,427.51947,368.339844,98.672974,109.508171,167.679993
2021-10-27,425.62561,369.194824,99.225792,110.175385,168.119995
2021-10-28,429.732361,373.294769,98.966644,110.010635,168.080002
2021-10-29,430.604218,375.131042,99.009842,109.95298,166.649994
2021-11-01,431.345032,376.413544,99.002045,109.756531,167.520004
2021-11-02,433.088928,377.987457,99.244064,110.17746,167.160004
2021-11-03,435.733124,381.999939,98.932884,109.896858,165.770004
2021-11-04,437.78656,386.896667,99.468781,110.474632,167.649994
2021-11-05,439.305481,387.265839,100.013359,111.283478,169.839996
2021-11-08,439.680481,386.741272,99.581146,111.027603,170.449997
2021-11-09,438.227112,384.079254,100.039268,111.324753,171.289993
2021-11-10,434.701752,378.434357,99.183556,110.185715,173.149994
2021-11-11,434.842346,379.483704,98.863716,109.872108,174.119995
2021-11-12,438.124023,383.476837,99.071175,109.756531,174.449997
2021-11-15,438.273987,383.389404,98.682243,108.922951,174.179993
2021-11-16,440.008606,386.119507,98.595779,108.741364,172.919998
2021-11-17,438.939697,386.323547,98.950172,109.17881,174.5
2021-11-18,440.430603,390.326447,99.010704,109.426422,173.940002
2021-11-19,439.643005,392.502625,99.278656,109.839111,172.610001
2021-11-22,438.405365,387.946106,98.552567,108.881676,168.740005
2021-11-23,438.986633,386.177795,98.146347,108.105835,167.279999
2021-11-24,440.15863,387.421417,98.448891,108.625816,167.119995
2021-11-26,430.341736,380.076324,99.719452,109.508965,166.850006
2021-11-29,435.620605,388.324921,99.494736,109.583221,166.619995
2021-11-30,427.14447,382.621826,100.091141,109.822578,165.5
2021-12-01,422.400024,376.112274,100.279686,109.838295,166.160004
2021-12-02,428.869629,378.823059,100.063423,110.094627,165.240005
2021-12-03,425.137909,372.23584,100.651634,111.012421,166.630005
2021-12-06,430.172974,375.218475,100.149956,110.450157,166.220001
2021-12-07,439.071075,386.517822,99.769356,110.499794,166.809998
2021-12-08,440.233643,388.247223,99.44928,109.76387,166.899994
2021-12-09,437.261444,382.534363,99.700165,109.672905,165.880005
2021-12-10,441.377594,386.692749,99.769356,109.796974,166.580002
2021-12-13,437.467712,381.106171,100.245117,110.293068,167.0
2021-12-14,434.457916,377.161652,100.072098,109.796974,165.440002
2021-12-15,441.246277,385.76001,99.925026,109.937515,166.149994
2021-12-16,437.355225,375.840302,100.215942,109.934196,168.160004
2021-12-17,432.700439,373.965179,100.441055,110.190987,167.800003
2021-12-20,428.099396,370.337524,100.354485,109.710526,167.089996
2021-12-21,435.701935,378.625916,99.9562,109.925926,167.020004
2021-12-22,440.058472,383.23703,100.051468,110.099869,168.589996
2021-12-23,442.796478,386.126221,99.843651,109.934196,168.970001
2021-12-27,449.06308,392.507874,99.878273,110.257263,169.369995
2021-12-28,448.696045,390.688751,99.86097,110.11644,168.639999
2021-12-29,449.27002,390.63031,99.350143,109.511665,168.589996
2021-12-30,448.027985,389.462952,99.679146,109.950745,169.800003
2021-12-31,446.898926,387.030914,99.56662,109.785057,170.960007
2022-01-03,449.48645,390.756744,98.640205,108.616959,168.330002
2022-01-04,449.335907,385.688416,98.588249,108.708099,169.570007
2022-01-05,440.707672,373.839691,98.172676,108.070236,169.059998
2022-01-06,440.293671,373.576965,97.930237,107.929375,166.990005
2022-01-07,438.552979,369.530121,97.609894,107.465469,167.75
2022-01-10,438.007233,369.773315,97.583939,107.366013,168.259995
2022-01-11,441.996735,375.328125,97.817688,107.689148,170.289993
2022-01-12,443.191711,376.816437,97.835022,107.614578,170.740005
2022-01-13,437.085175,367.389984,98.146698,107.954216,170.160004
2022-01-14,437.263977,369.676056,97.471405,107.001526,169.669998
2022-01-18,429.520142,360.473328,96.735451,105.982544,169.389999
2022-01-19,425.060181,356.514008,96.969223,106.148239,172.080002
2022-01-20,420.355621,351.883453,97.17704,106.090225,171.649994
2022-01-21,412.10376,342.12619,97.739769,106.78611,171.089996
2022-01-24,413.853821,343.692444,97.653229,106.454758,172.029999
2022-01-25,408.801147,335.725067,97.523331,106.156509,172.580002
2022-01-26,407.775543,335.199799,96.830681,105.435745,169.789993
2022-01-27,405.761871,331.824219,97.23761,105.676033,167.600006
2022-01-28,415.839264,342.233246,97.462708,105.791992,167.100006
2022-01-31,423.328949,353.177277,97.462708,105.84169,168.089996
2022-02-01,426.189331,355.580048,97.331009,106.017685,168.229996
2022-02-02,430.329315,358.46936,97.530334,106.025986,168.839996
2022-02-03,420.214447,343.935638,97.114326,105.171043,168.600006
2022-02-04,422.19043,348.274384,96.369003,104.125237,168.860001
2022-02-07,420.835419,345.472748,96.395065,104.316116,170.110001
2022-02-08,424.298096,349.354126,96.083031,103.92601,170.630005
2022-02-09,430.508087,356.757202,96.213013,104.27462,171.210007
2022-02-10,422.773743,348.682983,95.329071,102.855293,170.559998
2022-02-11,414.437225,337.62207,96.317032,103.618919,173.809998
2022-02-14,413.082275,338.040466,95.64975,102.697609,174.740005
2022-02-15,419.743958,346.445465,95.363747,102.183006,173.080002
2022-02-16,420.214447,346.35788,95.563057,102.33239,174.860001
2022-02-17,411.238098,336.055939,96.074394,102.407082,177.25
2022-02-18,408.575287,332.223053,96.386322,102.656075,177.119995
2022-02-22,404.190613,328.886292,96.37767,102.5233,177.490005
2022-02-23,397.020752,320.461792,95.875038,101.593681,178.289993
2022-02-24,402.995636,331.230774,96.100388,102.075081,177.139999
2022-02-25,411.887329,336.367157,96.074394,102.490105,176.550003
2022-02-28,410.833527,337.369141,97.166321,103.585701,178.380005
2022-03-01,404.576447,332.203583,98.112663,103.940025,181.619995
2022-03-02,412.019073,337.77771,96.638084,102.359787,179.729996
2022-03-03,409.967834,332.952606,97.054413,102.734055,180.800003
2022-03-04,406.637024,328.127441,98.017258,102.833847,183.679993
2022-03-07,394.649597,316.025787,97.600899,101.586266,186.410004
2022-03-08,391.657562,314.556885,96.967651,100.979111,191.509995
2022-03-09,402.158203,325.880249,96.369164,101.153763,185.820007
2022-03-10,400.342285,322.261475,95.926811,99.997696,186.399994
2022-03-11,395.251862,315.578369,95.900764,99.956123,185.089996
2022-03-14,392.36322,309.517761,94.686432,98.508904,182.300003
2022-03-15,400.991455,319.226318,94.643051,99.28241,178.889999
2022-03-16,409.883148,331.065369,94.512924,100.13076,180.009995
2022-03-17,415.0112,335.073395,94.330772,101.112198,180.889999
2022-03-18,419.556671,341.931671,94.608337,101.311806,179.300003
2022-03-21,419.434021,340.980988,93.37661,99.906204,180.669998
2022-03-22,424.34198,347.682251,92.864822,99.664993,179.360001
2022-03-23,418.877136,342.685486,93.489388,99.947777,181.809998
2022-03-24,425.191467,350.302277,92.968948,99.989365,183.130005
2022-03-25,427.267883,350.010132,92.014793,99.199226,182.380005
2022-03-28,430.307098,355.425568,92.222939,99.748154,179.059998
2022-03-29,435.630341,361.542389,92.682678,100.588219,179.139999
2022-03-30,432.94046,357.548889,93.046997,100.821098,180.580002
2022-03-31,426.276917,353.117218,93.220474,100.588219,180.649994
2022-04-01,427.485046,352.445221,92.613503,100.925774,179.5
2022-04-04,431.147034,359.701508,92.552689,101.27581,180.369995
2022-04-05,425.701111,351.71463,91.449806,99.500496,179.240005
2022-04-06,421.444366,344.078369,91.12851,98.917084,179.660004
2022-04-07,423.568054,344.896484,90.902733,98.458679,180.339996
2022-04-08,422.435516,340.075195,90.44252,97.683487,181.470001
2022-04-11,415.215088,332.029877,90.008308,96.733383,182.369995
2022-04-12,413.676605,330.627319,90.44252,96.800034,183.770004
2022-04-13,418.414703,337.347992,90.642235,97.30011,184.649994
2022-04-14,413.20462,329.63382,89.825943,96.166618,184.039993
2022-04-18,413.374573,329.887085,89.565453,95.433151,184.610001
2022-04-19,420.047455,337.260315,88.974945,94.674683,181.820007
2022-04-20,419.736023,332.341614,89.669655,95.658173,182.710007
2022-04-21,413.459503,325.465057,89.174667,94.64135,182.059998
2022-04-22,402.114502,316.942444,89.218086,94.532982,180.289993
2022-04-25,404.445801,321.013855,89.791222,95.58316,177.050003
2022-04-26,392.732727,308.897186,90.390411,95.533188,177.320007
2022-04-27,393.837006,308.527039,89.886749,94.616333,175.979996
2022-04-28,403.785126,319.484619,89.756493,94.89975,176.929993
2022-04-29,388.863007,305.108276,89.27887,93.849525,176.910004
2022-05-02,391.203674,310.202393,88.613739,93.293198,173.630005
2022-05-03,392.996979,310.533539,88.718063,93.894638,174.089996
2022-05-04,404.964966,321.033356,89.291901,94.813553,175.800003
2022-05-05,390.571289,304.864807,88.396408,93.359993,175.130005
2022-05-06,388.240021,301.212311,87.89209,92.566422,175.419998
2022-05-09,375.809601,289.426758,88.544174,92.892227,172.880005
2022-05-10,376.677979,292.942902,88.839798,93.284843,171.419998
2022-05-11,370.694061,284.254669,89.387527,93.7192,172.820007
2022-05-12,370.307068,283.582642,89.683151,93.761002,170.169998
2022-05-13,379.160339,294.092255,89.213661,93.268112,168.789993
2022-05-16,377.621796,290.683197,89.587486,93.393433,170.399994
2022-05-17,385.389618,298.212311,88.909348,92.858788,169.330002
2022-05-18,369.854065,283.572998,89.544044,93.201294,169.419998
2022-05-19,367.588806,282.053558,89.865738,93.451889,171.910004
2022-05-20,367.749268,281.176941,90.283043,93.911369,172.029999
2022-05-23,374.629883,285.852142,89.735298,93.577225,172.830002
2022-05-24,371.77002,279.774323,90.509117,94.805183,174.130005
2022-05-25,375.054626,283.68988,90.691719,95.782562,173.080002
2022-05-26,382.548645,291.55011,90.648224,95.807632,172.759995
2022-05-27,391.939941,301.066162,90.778648,96.308838,172.850006
2022-05-31,389.740784,300.267426,89.830948,95.59877,171.139999
2022-06-01,386.588318,298.046722,89.325203,95.041122,172.229996
2022-06-02,393.950287,306.208954,89.455765,95.082993,174.350006
2022-06-03,387.484894,298.241547,89.281654,94.781502,172.580002
2022-06-06,388.664764,299.235016,88.611359,94.111618,171.820007
2022-06-07,392.392944,301.816162,88.9683,94.614044,172.940002
2022-06-08,388.12674,299.644135,88.637474,94.069748,172.779999
2022-06-09,378.896057,291.618317,88.55912,93.450089,172.229996
2022-06-10,367.909607,281.332703,87.688591,92.545761,174.539993
2022-06-13,353.940796,268.251801,86.130341,90.410454,169.929993
2022-06-14,352.874237,268.7388,85.442619,89.941551,168.570007
2022-06-15,357.904999,275.449707,86.635254,91.348312,170.770004
2022-06-16,346.059723,264.336273,87.20108,91.448769,172.690002
2022-06-17,346.805756,267.550446,87.227203,91.633003,171.270004
2022-06-21,355.536133,274.30072,86.774506,90.711937,170.630005
2022-06-22,354.891479,273.900574,87.871407,91.373405,171.309998
2022-06-23,358.370361,277.979828,88.367599,92.076828,170.259995
2022-06-24,369.764343,287.504364,88.054214,92.185677,170.089996
2022-06-27,368.351959,285.396484,87.558022,91.339928,169.899994
2022-06-28,360.82547,276.701355,87.671173,91.314819,169.619995
2022-06-29,360.531647,276.955017,88.376297,91.859077,169.490005
2022-06-30,357.602539,273.519928,89.055328,92.13546,168.460007
2022-07-01,361.384766,275.325348,90.009995,93.300026,168.320007
2022-07-05,362.067261,280.038849,90.341324,93.27478,164.75
2022-07-06,363.290039,281.834381,89.574081,92.813026,162.139999
2022-07-07,368.731079,287.865417,89.024796,92.804596,162.229996
2022-07-08,368.427856,288.226471,88.484268,92.653503,162.300003
2022-07-11,364.219055,282.068787,89.181732,92.913773,161.429993
2022-07-12,360.996124,279.336182,89.390984,93.048103,160.830002
2022-07-13,359.10025,278.760437,89.774597,93.745018,161.600006
2022-07-14,358.22818,279.755859,89.277672,93.148834,159.330002
2022-07-15,365.072205,284.830414,89.582779,93.896141,159.009995
2022-07-18,362.05777,282.419983,89.321228,93.241219,159.160004
2022-07-19,371.840302,291.105316,88.911476,93.501526,159.539993
2022-07-20,374.210114,295.721252,88.824287,93.400764,158.039993
2022-07-21,378.02066,299.966339,89.835602,94.676994,160.270004
2022-07-22,374.513428,294.70636,90.86441,95.407501,160.669998
2022-07-25,374.968414,293.027802,90.54184,94.601448,160.229996
2022-07-26,370.532227,287.270081,90.576683,94.584648,160.039993
2022-07-27,380.153534,299.410065,90.759773,95.214378,161.669998
2022-07-28,384.921509,302.337708,91.657791,96.003593,163.639999
2022-07-29,390.533325,307.85141,91.69265,96.230316,164.100006
2022-08-01,389.376831,307.665955,92.228951,96.420547,165.029999
2022-08-02,386.807953,306.748688,90.953812,95.242233,164.050003
2022-08-03,392.865143,315.102356,91.329376,96.277473,164.449997
2022-08-04,392.599762,316.575867,91.792267,96.428978,167.169998
2022-08-05,391.936279,313.989716,90.464729,95.124367,165.289993
2022-08-08,391.481201,312.974792,90.997475,95.503136,166.690002
2022-08-09,389.926605,309.432404,90.7267,95.073875,167.199997
2022-08-10,398.116608,318.068939,90.779121,95.97448,166.779999
2022-08-11,398.116608,316.26358,90.176476,95.04863,166.339996
2022-08-12,404.856293,322.421448,90.534599,96.151199,167.869995
2022-08-15,406.524658,325.026947,90.822769,96.083893,165.710007
2022-08-16,407.320923,324.265808,90.717987,95.713554,165.419998
2022-08-17,404.429779,320.5672,90.10659,94.813004,164.350006
2022-08-18,405.605225,321.338196,90.281303,95.05706,163.919998
2022-08-19,400.154663,315.072998,89.504005,93.929237,162.720001
2022-08-22,391.822388,306.777924,89.110954,93.298004,161.639999
2022-08-23,390.874542,306.524292,88.892639,93.398956,162.770004
2022-08-24,392.125763,307.412323,88.595665,93.121201,163.25
2022-08-25,397.661621,312.847992,89.163376,94.080727,163.75
2022-08-26,384.201141,300.024933,89.058548,93.516815,161.759995
2022-08-29,381.660797,297.067993,88.551956,92.826668,161.860001
2022-08-30,377.470917,293.759735,88.525772,92.944481,160.509995
2022-08-31,374.598724,292.052002,88.158958,91.96814,159.270004
2022-09-01,375.77417,292.178864,87.458145,91.414497,157.869995
2022-09-02,371.811798,288.050842,87.948143,91.482018,159.259995
2022-09-06,370.408905,285.981964,86.968201,90.241325,158.330002
2022-09-07,377.063324,291.759186,87.536903,91.473549,159.940002
2022-09-08,379.527924,293.27179,87.213181,91.262566,158.979996
2022-09-09,385.424011,299.683289,87.221924,91.473549,159.820007
2022-09-12,389.566437,303.24527,87.01194,91.271019,160.630005
2022-09-13,372.627014,286.616333,86.522003,90.612694,158.539993
2022-09-14,374.048889,288.890106,86.565727,91.043114,157.929993
2022-09-15,369.802246,284.079041,86.268234,90.604233,154.979996
2022-09-16,366.98111,282.341919,86.338234,90.393234,155.839996
2022-09-19,369.826996,284.540649,86.093254,90.545151,155.960007
2022-09-20,365.581909,282.272522,85.559563,89.642075,155.070007
2022-09-21,359.204834,277.218109,85.900787,89.979675,155.789993
2022-09-22,356.187561,273.806213,84.605888,88.713692,155.699997
2022-09-23,350.219696,269.348236,84.710884,88.460449,153.009995
2022-09-26,346.755066,268.233673,83.302246,86.92437,151.229996
2022-09-27,345.869904,268.341309,82.733528,85.616173,151.539993
2022-09-28,352.675354,273.679138,84.597137,87.337952,154.690002
2022-09-29,345.30835,265.789612,84.2034,86.688019,154.660004
2022-09-30,339.968628,261.282715,83.984665,86.468567,154.669998
2022-10-03,348.944214,267.412445,84.981407,88.06823,158.429993
2022-10-04,359.756744,275.82016,85.156754,88.474701,160.699997
2022-10-05,358.91922,275.673462,84.350235,87.80571,159.809998
2022-10-06,355.216675,273.503082,83.885582,87.602486,159.630005
2022-10-07,345.30835,263.081543,83.47361,86.730247,157.880005
2022-10-10,342.671753,260.451691,82.982681,85.951233,155.479996
2022-10-11,340.501587,256.873566,83.193077,85.773369,155.160004
2022-10-12,339.378448,256.785553,83.464836,85.671753,155.990005
2022-10-13,348.335052,262.8078,83.114174,85.824188,154.910004
2022-10-14,340.396942,254.908463,82.649567,85.002762,152.979996
2022-10-17,349.144104,263.326019,82.737228,85.409264,153.419998
2022-10-18,353.24646,265.408356,82.947609,85.917328,153.75
2022-10-19,350.743195,264.44046,82.079742,84.74025,151.690002
2022-10-20,347.802063,263.09137,81.466095,84.00354,151.449997
2022-10-21,356.254181,269.260162,81.650177,84.240646,154.149994
2022-10-24,360.613403,272.222473,81.545013,84.198326,153.649994
2022-10-25,366.371948,277.853577,82.561905,85.32457,154.0
2022-10-26,363.611694,271.71405,82.982681,85.714081,154.979996
2022-10-27,361.670013,266.767273,83.570045,86.112099,154.740005
2022-10-28,370.274323,274.930481,83.140488,86.289932,153.160004
2022-10-31,367.599762,271.733582,82.763527,85.824188,151.910004
2022-11-01,365.99115,268.957123,82.748604,86.441689,153.460007
2022-11-02,356.806213,259.738068,82.608025,86.025505,152.389999
2022-11-03,353.132202,254.664047,82.247818,85.719727,151.809998
2022-11-04,358.214935,258.760406,82.072136,85.889603,156.470001
2022-11-07,361.641479,261.605255,81.782234,85.57531,155.850006
2022-11-08,363.592682,263.51178,82.326897,85.932037,159.449997
2022-11-09,356.101929,257.430817,82.608025,85.711235,158.649994
2022-11-10,375.671173,276.42627,84.461708,88.58213,163.479996
2022-11-11,379.307068,281.519745,84.285995,88.819946,164.559998
2022-11-14,376.080414,279.056152,84.083931,88.369781,164.919998
2022-11-15,379.288055,282.917816,84.707695,89.601379,165.5
2022-11-16,376.394531,279.056152,85.331474,90.365822,165.119995
2022-11-17,375.242798,278.440125,84.751633,89.881691,163.919998
2022-11-18,376.946564,278.449982,84.452934,89.873207,162.789993
2022-11-21,375.575928,275.58548,84.400215,89.737282,161.880005
2022-11-22,380.630035,279.554718,84.8834,90.535721,162.070007
2022-11-23,383.028687,282.360535,85.340256,91.44458,163.080002
2022-11-25,382.942993,280.503021,85.313896,91.537994,163.220001
2022-11-28,376.832367,276.387146,85.349037,90.875481,161.929993
2022-11-29,376.18512,274.294983,84.988838,90.425285,162.729996
2022-11-30,388.035156,286.79895,85.753151,91.529472,164.809998
2022-12-01,387.749634,287.15094,86.689781,92.674736,167.839996
2022-12-02,387.302246,286.00708,86.865814,93.237099,167.259995
2022-12-05,380.334991,281.20697,85.985535,92.444649,164.389999
2022-12-06,374.8526,275.380157,86.513695,92.725845,164.839996
2022-12-07,374.214813,274.25589,87.270782,93.756882,166.330002
2022-12-08,377.146484,277.501709,86.777786,93.458664,166.470001
2022-12-09,374.329163,275.732178,86.135193,92.759911,167.059998
2022-12-12,379.725861,279.192932,86.011925,92.640648,165.679993
2022-12-13,382.600342,282.194336,86.786591,93.450134,168.509995
2022-12-14,380.154175,280.102203,87.024269,93.535362,168.100006
2022-12-15,370.85498,270.697327,87.193619,93.613968,165.350006
2022-12-16,366.476624,268.116364,86.973106,93.212257,166.789993
2022-12-19,363.368988,264.348297,86.267548,92.27211,166.320007
2022-12-20,363.866211,264.142639,85.641289,91.186661,169.080002
2022-12-21,369.306915,267.974274,85.747162,91.810562,168.800003
2022-12-22,364.03833,261.418243,85.720688,91.784943,166.759995
2022-12-23,366.132355,262.006256,85.332619,91.502884,167.259995
2022-12-27,364.688538,258.30191,84.618195,90.323418,168.669998
2022-12-28,360.15625,254.891586,84.415352,90.041367,167.910004
2022-12-29,366.63916,261.104645,84.82988,90.682381,168.850006
2022-12-30,365.673401,260.947876,84.477089,90.109756,169.639999
2023-01-03,364.133972,259.183899,85.138618,90.733665,171.059998
2023-01-04,366.945099,260.418671,85.79126,91.391792,172.669998
2023-01-05,362.75705,256.341949,85.667778,91.32341,170.520004
2023-01-06,371.075867,263.417358,86.770248,92.819084,173.710007
2023-01-09,370.865509,265.122528,86.990761,93.186607,174.100006
2023-01-10,373.466309,267.366669,86.443916,92.870399,174.740005
2023-01-11,378.189819,271.992126,86.999588,93.665268,174.619995
2023-01-12,379.566803,273.462128,87.775742,94.725075,176.639999
2023-01-13,381.039337,275.343719,87.308296,94.417374,178.759995
2023-01-17,380.341278,275.902313,87.034866,94.075516,177.589996
2023-01-18,374.336456,272.315582,88.216728,95.17804,177.080002
2023-01-19,371.611298,269.640167,88.049164,94.981499,179.889999
2023-01-20,378.534058,277.019409,87.467033,94.485764,179.289993
2023-01-23,383.076019,283.173676,87.184807,94.212265,179.630005
2023-01-24,382.664795,282.595551,87.687546,94.707985,180.279999
2023-01-25,382.808289,281.968323,87.784561,94.750725,181.110001
2023-01-26,387.015442,287.465942,87.467033,94.716515,179.470001
2023-01-27,387.904724,290.327484,87.334747,94.443054,179.220001
2023-01-30,383.03772,284.457458,87.06131,94.084045,178.759995
2023-01-31,388.669617,288.720337,87.502327,94.759247,179.410004
2023-02-01,392.800354,294.894165,88.131615,95.721199,181.669998
2023-02-02,398.518311,305.477936,88.096275,95.85836,177.899994
2023-02-03,394.282379,300.048889,87.150513,94.769554,173.460007
2023-02-06,391.872833,297.510742,86.399246,94.040833,173.820007
2023-02-07,396.998047,303.674805,86.187088,93.732193,173.979996
2023-02-08,392.656891,298.275085,86.50531,93.826469,174.410004
2023-02-09,389.252899,295.639008,86.116409,93.03775,173.029999
2023-02-10,390.161255,293.698639,85.700996,92.386169,173.360001
2023-02-13,394.741394,298.402496,85.904266,92.729088,172.479996
2023-02-14,394.559723,300.607483,85.515366,92.497612,172.610001
2023-02-15,395.841034,302.9104,85.259033,92.146118,170.889999
2023-02-16,390.390778,297.226501,84.976189,91.408821,170.75
2023-02-17,389.415497,295.129425,85.214851,91.76889,171.259995
2023-02-21,381.603485,288.142212,84.286774,90.465729,170.619995
2023-02-22,381.077545,288.357758,84.437004,90.722923,169.660004
2023-02-23,383.104675,290.876373,84.764076,91.434525,169.570007
2023-02-24,379.012177,286.005829,84.251404,90.74865,168.350006
2023-02-27,380.303009,288.053986,84.507721,90.774368,169.009995
2023-02-28,378.89743,287.681641,84.640327,90.808662,169.779999
2023-03-01,377.444061,285.368866,83.963654,90.242554,170.759995
2023-03-02,380.379547,287.730499,83.61824,90.319992,170.660004
2023-03-03,386.47998,293.679047,84.291344,91.343819,172.490005
2023-03-06,386.747742,294.012177,84.140785,91.094284,171.619995
2023-03-07,380.819336,290.405945,84.149635,90.836189,168.619995
2023-03-08,381.440887,291.856262,84.123077,90.689926,168.539993
2023-03-09,374.403351,286.799591,84.645645,90.603889,170.199997
2023-03-10,369.000977,282.771881,86.204437,91.90303,173.869995
2023-03-13,368.475067,284.86911,87.249573,91.980484,177.860001
2023-03-14,374.565948,291.415222,86.425896,91.705162,176.830002
2023-03-15,372.223297,292.944092,87.674721,92.582718,178.210007
2023-03-16,378.753998,300.666321,86.886429,92.445084,178.570007
2023-03-17,374.325317,299.24527,87.913841,92.909676,183.770004
2023-03-20,377.924713,300.307281,87.559563,92.634338,183.839996
2023-03-21,382.887085,304.596375,86.797874,93.081734,180.369995
2023-03-22,376.360199,300.454559,87.940422,93.623734,183.440002
2023-03-23,377.377655,304.017365,88.445229,93.890457,185.740005
2023-03-24,379.853973,305.136292,88.471825,94.182983,183.649994
2023-03-27,380.56424,303.045685,87.382446,93.055916,181.949997
2023-03-28,379.709991,301.435944,87.329254,92.901062,183.440002
2023-03-29,385.229095,306.932312,87.17868,93.331215,182.529999
2023-03-30,387.48468,309.837524,87.311546,93.460266,184.179993
2023-03-31,392.946198,314.990356,87.789833,94.303406,183.220001
2023-04-03,394.44342,314.224854,88.203377,94.873009,184.539993
2023-04-04,392.255066,313.164795,88.771355,94.993843,187.979996
2023-04-05,391.227997,310.07312,89.144089,95.304535,187.830002
2023-04-06,392.754181,312.163727,89.170715,95.218246,186.490005
2023-04-10,393.157227,311.98703,88.292137,94.778114,185.110001
2023-04-11,393.262878,309.984802,88.256653,94.752213,186.279999
2023-04-12,391.659912,307.24646,88.513985,94.553703,187.190002
2023-04-13,396.862244,313.263,88.221146,94.71769,189.720001
2023-04-14,395.892792,312.674072,87.786285,94.406967,186.360001
2023-04-17,397.313354,312.939026,87.227165,93.811493,185.529999
2023-04-18,397.57254,312.958679,87.369179,94.122192,186.25
2023-04-19,397.505341,312.811493,87.182838,93.656151,185.360001
2023-04-20,395.336151,310.426453,87.688667,94.010002,186.089996
2023-04-21,395.643219,310.750305,87.4757,94.070396,184.25
2023-04-24,396.056,310.10257,87.901649,94.484657,184.809998
2023-04-25,389.769043,304.252899,88.771355,94.898918,185.75
2023-04-26,388.118103,306.098083,88.425247,94.484657,184.740005
2023-04-27,395.844818,314.421112,87.848412,94.13945,184.75
2023-04-28,399.22345,316.590179,88.505119,94.873009,184.800003
2023-05-01,398.820312,316.227051,87.46344,93.341988,183.970001
2023-05-02,394.337891,313.469055,88.602097,94.467751,187.520004
2023-05-03,391.631226,311.417816,89.180313,94.623611,189.110001
2023-05-04,388.857239,310.318542,89.162521,94.363861,190.440002
2023-05-05,396.056,316.914154,88.682152,93.991493,187.460007
2023-05-08,396.16153,317.699249,88.139511,93.316017,187.690002
2023-05-09,394.424255,315.687286,88.03273,93.281372,189.020004
2023-05-10,396.267151,319.122467,88.691048,94.017464,188.75
2023-05-11,395.57605,320.162872,89.020187,94.381149,187.130005
2023-05-12,395.05777,319.014496,88.486435,93.800987,186.809998
2023-05-15,396.420715,320.741974,88.290733,93.298691,187.210007
2023-05-16,393.771576,321.105133,88.006065,92.831093,184.869995
2023-05-17,398.551514,324.99176,87.721413,92.822426,184.229996
2023-05-18,402.390839,331.027954,87.178734,92.432777,181.839996
2023-05-19,401.805328,330.282074,86.849617,92.320168,183.639999
2023-05-22,401.968597,331.391144,86.689484,92.285553,183.210007
2023-05-23,397.457336,327.190399,86.831833,92.476044,183.429993
2023-05-24,394.57782,325.511963,86.609436,92.112358,181.949997
2023-05-25,397.994904,333.432678,86.066803,91.809258,180.199997
2023-05-26,403.149078,341.952026,86.226906,92.198944,180.919998
2023-05-30,403.302734,343.502747,86.902985,92.891685,182.039993
2023-05-31,401.066315,341.54953,87.23214,93.194801,182.320007
2023-06-01,404.876892,345.495209,87.474678,93.480637,183.759995
2023-06-02,410.731812,348.086273,86.779167,93.228691,181.050003
2023-06-05,409.944733,348.331665,86.752411,93.028862,182.139999
2023-06-06,410.837402,348.272797,86.805901,93.211296,182.339996
2023-06-07,409.41684,342.364258,86.172798,92.377281,180.149994
2023-06-08,411.89325,346.614105,86.752411,92.994118,182.529999
2023-06-09,412.632294,347.939148,86.440323,92.750847,182.039993
2023-06-12,416.375641,353.818298,86.582977,93.046211,181.880005
2023-06-13,419.120758,356.537018,85.967705,92.629219,180.539993
2023-06-14,419.619934,359.128143,86.083618,92.915916,180.639999
2023-06-15,424.822174,363.40744,86.752411,93.723915,181.910004
2023-06-16,423.375122,361.120514,86.377876,93.55883,181.630005
2023-06-20,421.17868,360.603577,86.636482,93.897652,179.75
2023-06-21,419.020569,355.689392,86.716743,93.793381,179.490005
2023-06-22,420.533173,359.886139,86.226295,93.306877,177.710007
2023-06-23,417.353912,356.31842,86.582977,93.567505,178.199997
2023-06-26,415.648712,351.54184,86.796982,93.671745,178.509995
2023-06-27,420.205536,357.586212,86.493797,93.567505,177.690002
2023-06-28,420.417572,358.284058,86.841583,93.975822,177.279999
2023-06-29,422.074524,357.56662,85.949898,93.263443,177.089996
2023-06-30,427.055328,363.080353,86.137146,93.949776,178.270004
2023-07-03,427.546661,363.935364,85.763512,93.686562,178.470001
2023-07-05,426.910858,363.925598,85.352333,93.015419,177.839996
2023-07-06,423.56778,361.153961,84.655144,92.074104,177.309998
2023-07-07,422.498413,359.954895,84.547882,91.986977,178.639999
2023-07-10,423.56778,360.072815,84.985855,92.466324,178.779999
2023-07-11,426.265381,361.851807,85.164658,92.90213,179.449997
2023-07-12,429.695038,366.421967,85.995895,93.721428,181.880005
2023-07-13,433.105469,372.643402,86.710991,94.383835,182.009995
2023-07-14,432.835693,372.564728,86.281921,93.651649,181.429993
2023-07-17,434.338623,376.044006,86.424942,93.808571,181.559998
2023-07-18,437.566071,379.120239,86.523277,94.043884,183.639999
2023-07-19,438.539001,379.03183,86.818237,94.575577,183.669998
2023-07-20,435.629578,370.294403,86.129982,93.939308,182.740005
2023-07-21,435.629578,369.183746,86.201477,94.104904,182.179993
2023-07-24,437.575684,369.773407,85.995895,93.991608,181.399994
2023-07-25,438.770294,372.279724,85.835014,93.843437,182.410004
2023-07-26,438.837677,371.04129,86.129982,94.279221,183.300003
2023-07-27,435.928192,370.156769,85.191452,93.128754,180.419998
2023-07-28,440.196106,376.899017,85.468544,93.738823,181.860001
2023-07-31,441.034271,377.095612,85.57579,94.000298,182.350006
2023-08-01,439.772186,376.220917,85.07579,93.063644,180.460007
2023-08-02,433.654602,367.965057,84.905533,92.495171,179.600006
2023-08-03,432.411804,367.375305,84.278229,91.664299,179.539993
2023-08-04,430.456116,365.655334,85.174332,92.617615,180.190002
2023-08-07,434.213348,368.751312,84.968246,92.390221,179.779999
2023-08-08,432.325104,365.61615,85.398384,92.757561,178.639999
2023-08-09,429.434875,361.596252,85.452148,92.844986,177.789993
2023-08-10,429.589081,362.264618,84.797981,92.189056,177.600006
2023-08-11,429.338593,359.954895,84.349937,91.874245,177.600006
2023-08-14,431.708557,363.994385,84.215515,91.839264,177.059998
2023-08-15,426.679626,360.131805,84.05423,91.358246,176.589996
2023-08-16,423.548584,356.31842,83.731621,90.947182,175.570007
2023-08-17,420.321228,352.426361,83.624084,90.702301,175.300003
2023-08-18,420.523529,351.9841,83.875008,91.043358,175.330002
2023-08-21,423.259521,357.655029,83.355263,90.501137,175.809998
2023-08-22,422.113129,357.144012,83.391106,90.781006,176.100006
2023-08-23,426.814453,362.775665,84.296165,92.057892,177.889999
2023-08-24,420.899231,355.021088,83.982529,91.743042,177.850006
2023-08-25,423.866486,357.77298,83.955666,91.795517,177.619995
2023-08-28,426.554352,360.465973,84.188622,92.084106,178.130005
2023-08-29,432.720093,368.338501,84.789047,92.818771,179.869995
2023-08-30,434.502411,370.392639,84.780067,92.687576,180.320007
2023-08-31,433.866608,371.503265,84.950317,92.844986,180.020004
2023-09-01,434.675812,371.110199,84.431076,92.18412,180.110001
2023-09-05,432.797241,371.581879,83.918983,91.525833,178.639999
2023-09-06,429.887665,368.30899,83.703354,91.438026,177.830002
2023-09-07,428.567871,365.675018,83.990829,91.841805,178.020004
2023-09-08,429.213287,366.186066,84.00882,91.912033,178.080002
2023-09-11,432.036133,370.500763,83.865082,91.736496,178.410004
2023-09-12,429.666107,366.392517,83.98185,91.710144,177.490005
2023-09-13,430.167114,367.788116,84.080704,91.912033,177.080002
2023-09-14,433.876221,370.795624,83.892029,91.745285,177.169998
2023-09-15,428.648743,364.446442,83.63147,91.604805,178.339996
2023-09-18,428.900085,364.826447,83.712326,91.780373,179.389999
2023-09-19,428.01062,364.048828,83.406853,91.473167,179.220001
2023-09-20,424.075745,358.802704,83.343987,91.50827,179.350006
2023-09-21,417.066467,352.227814,82.724113,90.5867,178.050003
2023-09-22,416.128662,352.277039,83.047523,91.139679,178.619995
2023-09-25,417.878632,353.950256,82.4366,90.253181,177.699997
2023-09-26,411.73941,348.635254,82.409676,89.998642,176.279999
2023-09-27,411.903778,349.452301,82.041298,89.577354,174.100006
2023-09-28,414.291718,352.375458,82.26593,89.735321,173.229996
2023-09-29,413.286285,352.631348,82.28389,89.542244,171.449997
2023-10-02,413.121979,355.57431,81.616447,88.721901,169.649994
2023-10-03,407.591858,349.334198,80.940895,87.699776,169.160004
2023-10-04,410.559937,354.088074,81.4543,88.466377,169.139999
2023-10-05,410.405182,353.044769,81.607422,88.360634,168.830002
2023-10-06,415.277924,358.960205,81.130066,88.096298,169.699997
2023-10-09,417.936584,360.790924,82.165871,89.188927,172.820007
2023-10-10,420.111908,362.789032,82.003761,89.224144,172.529999
2023-10-11,421.832825,365.377625,82.454132,89.770462,173.789993
2023-10-12,419.261078,364.107849,81.661476,88.836456,173.259995
2023-10-13,417.172852,359.531097,82.183907,89.329895,178.830002
2023-10-16,421.562134,363.596069,81.697502,88.713104,177.960007
2023-10-17,421.542786,362.405121,80.895851,88.008194,178.289993
2023-10-18,415.92569,357.651123,80.517532,87.303284,180.869995
2023-10-19,412.271179,354.304626,80.121193,86.598366,183.089996
2023-10-20,407.20517,349.019135,80.589577,86.942001,183.589996
2023-10-23,406.499329,350.072357,80.967903,87.620476,182.970001
2023-10-24,409.564117,353.477875,81.11203,88.113922,182.949997
2023-10-25,403.685974,344.826233,80.400452,87.312065,183.720001
2023-10-26,398.85202,338.251373,81.012955,87.94651,184.009995
2023-10-27,397.044159,339.875397,81.139069,87.770279,186.149994
2023-10-30,401.791107,343.704132,80.868828,87.505913,185.100006
2023-10-31,404.314484,345.347839,80.697662,87.382584,184.089996
2023-11-01,408.626312,351.34198,81.627106,88.633095,183.509995
2023-11-02,416.457458,357.720062,82.132957,89.685539,184.119995
2023-11-03,420.256927,361.922791,82.765236,90.127701,184.789993
2023-11-06,421.223724,363.399231,82.286476,89.650146,183.350006
2023-11-07,422.422607,366.83432,82.756195,90.366486,182.589996
2023-11-08,422.731903,367.070496,83.090393,90.82637,180.770004
2023-11-09,419.43515,364.245697,82.26844,89.906616,181.490005
2023-11-10,425.980316,372.434753,82.35878,90.357651,179.509995
2023-11-13,425.57431,371.273315,82.313599,90.366486,180.509995
2023-11-14,433.83075,379.265533,83.551056,91.781517,182.119995
2023-11-15,434.749176,379.550934,82.900696,91.303955,181.639999
2023-11-16,435.280945,379.875793,83.523972,92.055695,183.690002
2023-11-17,435.822357,379.964386,83.578178,92.320984,183.669998
2023-11-20,439.177094,384.590332,83.695572,92.692398,183.369995
2023-11-21,438.219971,382.356079,83.80397,92.718956,185.350006
2023-11-22,439.911896,383.921082,83.776886,93.090378,184.559998
2023-11-24,440.182587,383.37973,83.343323,92.612839,185.520004
2023-11-27,439.389832,383.045074,83.975578,93.364563,186.770004
2023-11-28,439.82486,384.049072,84.34594,93.736,189.259995
2023-11-29,439.515564,383.674927,84.788536,94.496582,189.539993
2023-11-30,441.246033,382.710419,84.373024,94.001312,188.75
2023-12-01,443.856415,383.802948,85.16909,95.133095,192.009995
2023-12-04,441.526459,380.239929,84.815895,94.698158,187.860001
2023-12-05,441.439423,381.194641,85.413643,95.452667,187.149994
2023-12-06,439.660553,378.989899,85.766838,95.807739,187.839996
2023-12-07,443.015289,384.285217,85.64003,95.816635,188.149994
2023-12-08,444.919983,385.997894,85.087578,95.301796,185.639999
2023-12-11,446.650513,389.295105,85.096642,95.275131,183.589996
2023-12-12,448.690369,392.395569,85.277794,95.816635,183.490005
2023-12-13,454.877899,397.385742,86.545731,97.423325,187.630005
2023-12-14,456.337799,397.041229,87.265144,98.459412,188.729996
2023-12-15,455.586395,398.960602,87.192451,98.316872,187.0
2023-12-18,458.149139,401.47348,87.001717,97.907082,187.850006
2023-12-19,460.935089,403.524811,87.165192,98.031792,189.130005
2023-12-20,454.547791,397.528625,87.592125,98.290184,188.100006
2023-12-21,458.857758,402.153992,87.455872,98.254547,189.429993
2023-12-22,459.779968,402.755585,87.37413,98.085258,190.270004
2023-12-26,461.721344,405.22113,87.42865,98.290184,191.720001
2023-12-27,462.556213,406.046112,88.109894,99.207756,192.589996
2023-12-28,462.730896,405.848694,87.773804,98.949402,191.470001
2023-12-29,461.391357,404.092346,87.555817,98.584137,191.169998
2024-01-02,458.809235,397.254211,87.228798,97.915993,190.720001
2024-01-03,455.062256,393.050629,87.437706,97.69326,189.130005
2024-01-04,453.596436,391.027832,86.910904,97.149826,189.320007
2024-01-05,454.217743,391.491608,86.592941,96.802399,189.350006
2024-01-08,460.702057,399.582916,86.883644,97.541794,187.869995
2024-01-09,460.003204,400.372314,86.847282,97.711082,187.929993
2024-01-10,462.604706,403.085938,86.711037,97.586372,187.5
2024-01-11,462.400879,403.924591,87.174294,98.17437,187.869995
2024-01-12,462.72113,404.131805,87.410477,98.38813,189.710007
2024-01-16,461.022461,404.092346,86.701965,97.390381,187.910004
2024-01-17,458.459747,401.812958,86.420357,97.185471,185.839996
2024-01-18,462.536774,407.516327,86.22963,96.998398,187.369995
2024-01-19,468.302826,415.597809,86.238724,97.096375,187.929993
2024-01-22,469.292999,416.140533,86.502113,97.363647,187.220001
2024-01-23,470.661652,417.86734,86.284119,97.007301,187.949997
2024-01-24,471.176147,420.186249,86.038864,96.820198,186.399994
2024-01-25,473.738831,420.699249,86.411285,97.461632,187.139999
2024-01-26,473.136993,418.192993,86.256866,97.185471,187.009995
2024-01-29,476.883881,422.475403,86.774628,97.586372,188.330002
2024-01-30,476.515137,419.663177,86.892731,97.898155,188.589996
2024-01-31,468.739655,411.443604,87.619385,98.147606,188.449997
2024-02-01,474.874634,416.288574,88.162094,98.906654,190.410004
2024-02-02,479.87381,423.324005,87.01474,98.003677,188.610001
2024-02-05,478.126495,422.771454,86.167938,97.064941,187.570007
2024-02-06,479.514587,421.922852,86.632317,97.610298,188.550003
2024-02-07,483.513947,426.264526,86.477531,97.324211,188.5
2024-02-08,483.727478,427.053925,86.195259,96.823547,188.330002
2024-02-09,486.523132,431.257416,86.040443,96.698395,187.600006
2024-02-12,486.309601,429.570099,86.122383,96.707336,187.110001
2024-02-13,479.611664,422.870148,85.175407,95.643448,184.529999
2024-02-14,483.970215,427.478271,85.494087,96.090469,184.419998
2024-02-15,487.309448,428.75119,85.73085,96.439125,185.660004
2024-02-16,484.88266,424.863403,85.357491,96.090469,186.339996
2024-02-20,482.213196,421.656433,85.503197,96.412292,187.470001
2024-02-21,482.649963,419.969086,85.230011,96.170921,187.479996
2024-02-22,492.638733,432.263977,85.239151,96.322899,187.559998
2024-02-23,492.978455,430.991058,85.630684,96.609001,188.619995
2024-02-26,491.172913,430.76413,85.503197,96.305023,188.199997
2024-02-27,492.085388,431.800232,85.311981,96.170921,188.0
2024-02-28,491.434998,429.501038,85.621605,96.16198,188.339996
2024-02-29,493.201721,433.181641,85.794601,96.251366,189.309998
2024-03-01,497.832001,439.70401,86.186256,96.837311,192.889999
2024-03-04,497.298126,438.135101,85.994537,96.657852,196.009995
2024-03-05,492.328064,430.27066,86.524071,97.187263,197.190002
2024-03-06,494.822784,432.974426,86.734055,97.447479,198.809998
2024-03-07,499.734589,439.546143,86.880142,97.689766,199.940002
2024-03-08,496.735107,433.201385,86.944046,97.824356,201.630005
2024-03-11,496.307983,431.593018,86.834496,97.842308,202.0
2024-03-12,501.646973,437.779846,86.478424,97.528229,199.789993
2024-03-13,500.860626,434.415039,86.28669,97.429535,201.190002
2024-03-14,499.870605,433.319794,85.647614,96.711693,200.350006
2024-03-15,496.438171,428.168945,85.501526,96.738632,199.710007
2024-03-18,499.388519,432.252563,85.4011,96.577095,200.029999
2024-03-19,502.163696,433.32959,85.647614,96.855278,199.800003
2024-03-20,506.80838,438.467377,85.84848,97.034721,202.179993
2024-03-21,508.483185,440.542297,85.857582,97.178299,201.970001
2024-03-22,507.519226,441.046265,86.277557,97.510284,200.350006
2024-03-25,506.117065,439.445618,86.049301,97.178299,200.990005
2024-03-26,505.18222,438.022827,86.177132,97.151367,201.639999
2024-03-27,509.427704,439.51474,86.505821,97.824356,203.100006
2024-03-28,509.330322,438.704529,86.423653,97.734619,205.720001
2024-04-01,508.444183,439.633362,85.64167,96.798775,207.820007
2024-04-02,505.211487,435.839172,85.458511,96.654694,210.889999
2024-04-03,505.766418,436.817352,85.55925,96.71772,212.740005
2024-04-04,499.593079,430.138123,85.852264,96.825829,211.520004
2024-04-05,504.812164,435.206818,85.284576,96.402481,215.139999
2024-04-08,505.094513,435.335358,85.09227,96.393456,216.479996
2024-04-09,505.678802,436.945831,85.431076,96.888863,217.669998
2024-04-10,500.615479,433.131927,84.295624,95.51078,215.610001
2024-04-11,504.393524,440.048248,84.176613,95.31263,219.800003
2024-04-12,497.431366,433.033112,84.524559,95.528801,216.889999
2024-04-15,491.199463,425.909271,83.984322,94.47496,220.949997
2024-04-16,490.303558,425.948792,83.654663,94.159737,221.220001
2024-04-17,487.401855,420.751678,84.185776,94.673134,219.589996
2024-04-18,486.398926,418.350708,83.892738,94.483994,220.339996
2024-04-19,482.153442,409.695374,84.002655,94.583054,221.029999
2024-04-22,486.593689,413.815521,84.011787,94.817215,215.570007
2024-04-23,492.36792,419.990906,84.121674,94.979347,215.039993
2024-04-24,492.134277,421.413727,83.865288,94.610062,214.639999
2024-04-25,490.264618,419.378265,83.544792,94.330856,215.919998
2024-04-26,494.909393,425.850067,83.773705,94.691124,216.619995
2024-04-29,496.662048,427.579071,84.112511,95.087456,216.179993
2024-04-30,488.794403,419.516602,83.718781,94.565056,211.869995
2024-05-01,487.207153,416.483246,84.050316,94.958405,213.789993
2024-05-02,491.764221,421.798981,84.445206,95.546188,213.130005
2024-05-03,497.859802,430.276489,84.913582,96.21534,212.960007
2024-05-06,503.001038,434.989502,84.987061,96.486626,215.199997
2024-05-07,503.556152,435.058685,85.207474,96.531868,214.210007
2024-05-08,503.604706,434.801727,84.968697,96.287697,213.580002
2024-05-09,506.5065,435.750305,85.225845,96.441437,216.949997
2024-05-10,507.158966,436.777802,84.950325,96.133965,218.710007
2024-05-13,507.227081,437.785645,85.051338,96.170151,216.259995
2024-05-14,509.554321,440.601624,85.299316,96.45047,218.089996
2024-05-15,515.864136,447.488373,85.942184,97.30954,220.889999
2024-05-16,514.802734,446.579315,85.776894,97.1558,220.029999
2024-05-17,515.542725,446.361908,85.510536,96.929726,223.660004
2024-05-20,516.136719,449.474335,85.381981,96.884521,224.559998
2024-05-21,517.402527,450.353668,85.602386,97.047272,224.229996
2024-05-22,515.912842,450.264709,85.49218,96.902588,220.110001
2024-05-23,512.14447,448.239288,85.18911,96.477577,215.720001
2024-05-24,515.533081,452.477997,85.299316,96.739838,215.919998
2024-05-28,515.89325,454.187286,84.821762,96.161079,218.190002
2024-05-29,512.280701,450.985992,84.40847,95.64563,216.160004
2024-05-30,508.882446,446.154419,84.83094,96.233429,216.570007
2024-05-31,513.517456,445.324463,85.225845,96.658455,215.300003
2024-06-03,513.936157,447.715607,85.784042,97.32563,217.220001
2024-06-04,514.51062,448.940735,86.253822,97.706871,215.270004
2024-06-05,520.625671,457.991333,86.567001,98.033623,217.820007
2024-06-06,520.615845,457.833252,86.530151,97.9701,219.429993
2024-06-07,519.983032,457.428101,85.618225,97.089615,211.600006
2024-06-10,521.589661,459.275787,85.434013,96.889908,213.539993
2024-06-11,522.845764,462.427643,85.885368,97.307472,214.149994
2024-06-12,527.139893,468.484375,86.364357,97.90657,214.720001
2024-06-13,528.201233,471.023712,86.935455,98.369499,212.970001
2024-06-14,528.522766,473.464203,87.138107,98.451187,215.729996
2024-06-17,532.729126,479.264069,86.732811,97.988266,214.610001
2024-06-18,534.082764,479.412231,87.110458,98.442108,215.470001
2024-06-20,532.631775,475.716949,86.889404,98.115311,218.160004
2024-06-21,531.917725,474.442383,86.907806,98.142555,214.779999
2024-06-24,530.18866,469.040985,86.981506,98.242416,215.630005
2024-06-25,532.230347,474.404785,87.055199,98.206093,214.559998
2024-06-26,532.894592,475.384491,86.530151,97.670547,212.580002
2024-06-27,533.734619,476.611603,86.723587,97.861191,214.990005
2024-06-28,531.634399,474.137543,86.263023,97.23484,215.009995
2024-07-01,532.728516,476.918427,85.620895,96.657326,215.570007
2024-07-02,536.313599,481.925903,85.944267,97.276733,215.559998
2024-07-03,538.707031,485.943726,86.517105,97.996376,217.990005
2024-07-05,541.813416,491.01062,86.997551,98.506485,220.929993
2024-07-08,542.438599,492.178345,87.025276,98.497375,218.190002
2024-07-09,542.966125,492.603851,86.905151,98.315193,218.559998
2024-07-10,548.338928,497.73999,86.988312,98.552025,219.360001
2024-07-11,543.61084,486.824493,87.542671,99.080353,223.25
2024-07-12,547.039612,489.68454,87.727455,99.444725,223.110001
2024-07-15,548.544128,491.000732,87.450294,98.898193,223.830002
2024-07-16,551.796997,491.188751,87.838333,99.472069,228.289993
2024-07-17,544.060303,476.769928,87.912262,99.517578,227.229996
2024-07-18,539.879089,474.513611,87.662766,99.089485,225.779999
2024-07-19,536.294006,470.307709,87.385582,98.725082,221.729996
2024-07-22,541.823181,477.31427,87.302437,98.670456,221.800003
2024-07-23,540.973267,475.631866,87.367134,98.59758,222.580002
2024-07-24,528.71344,458.570862,87.173088,97.996376,221.800003
2024-07-25,525.95874,453.513824,87.367134,98.388069,218.330002
2024-07-26,531.849304,458.16507,87.782906,98.934608,220.630005
2024-07-29,532.161865,459.085388,87.93074,99.144135,220.320007
2024-07-30,529.465759,452.781525,88.115532,99.226112,222.520004
2024-07-31,538.072083,466.181,88.762268,99.799988,226.550003
2024-08-01,530.452332,454.889435,89.141296,100.13092,225.770004
2024-08-02,520.576233,444.092682,90.52211,101.109093,225.339996
2024-08-05,505.4151,430.851501,90.614761,100.853127,222.479996
2024-08-06,510.074799,434.968353,89.808533,100.194901,220.699997
2024-08-07,506.665436,430.257751,89.4842,99.737831,220.550003
2024-08-08,518.378296,443.419739,89.215439,99.783531,224.009995
2024-08-09,520.664062,445.735413,89.576851,100.295479,224.559998
2024-08-12,520.937744,446.695312,89.827057,100.505753,228.410004
2024-08-13,529.504883,457.779114,90.225578,101.209648,228.059998
2024-08-14,531.175293,457.927582,90.346024,101.657608,226.199997
2024-08-15,540.279724,469.496216,89.780739,101.346786,226.910004
2024-08-16,541.491089,470.099884,89.95681,101.64846,231.990005
2024-08-19,546.668518,476.275146,90.077278,101.886131,231.610001
2024-08-20,545.779541,475.275635,90.43869,102.151276,232.460007
2024-08-21,547.655151,477.492371,90.624039,102.379807,232.149994
2024-08-22,543.356873,469.921814,90.207016,101.95929,229.369995
2024-08-23,549.130188,475.018341,90.624039,102.544365,232.020004
2024-08-26,547.821167,470.406677,90.512848,102.416389,232.759995
2024-08-27,548.573425,471.811951,90.475761,102.334122,233.389999
2024-08-28,545.388794,466.458099,90.429436,102.123863,231.75
2024-08-29,545.437561,465.775269,90.271904,101.950142,232.949997
2024-08-30,550.644409,471.327026,89.95681,101.666771,231.289993
2024-09-03,539.312683,457.017151,90.549789,101.974136,230.289993
2024-09-04,538.208862,455.829559,91.07962,102.607224,230.429993
2024-09-05,536.89978,456.255096,91.293404,103.111877,232.350006
2024-09-06,527.863647,444.033295,91.423531,103.065994,230.630005
2024-09-09,533.773682,449.743408,91.553658,103.295364,231.600006
2024-09-10,536.098694,453.89978,91.944046,103.579803,232.619995
2024-09-11,541.598572,463.756439,91.878975,103.625671,232.25
2024-09-12,546.160522,468.308746,91.73027,103.552277,236.330002
2024-09-13,549.013,470.406677,91.90686,103.873413,238.679993
2024-09-16,549.823853,468.328491,92.148529,104.332169,238.660004
2024-09-17,550.048523,468.575897,91.981216,104.341347,237.339996
2024-09-18,548.417175,466.547119,91.581535,103.910118,235.509995
2024-09-19,557.775574,478.343414,91.507187,104.001862,239.169998
2024-09-20,556.811401,477.433014,91.479301,104.093605,242.210007
2024-09-23,558.202759,478.698517,91.423531,103.946823,242.679993
2024-09-24,559.799866,481.007568,91.525764,104.121147,246.070007
2024-09-25,558.565369,481.453522,91.153969,103.506416,245.729996
2024-09-26,560.779785,485.07074,91.088921,103.506416,246.979996
2024-09-27,559.966492,482.375183,91.451408,103.919296,245.020004
2024-09-30,562.210449,483.683319,91.200462,103.662384,243.059998
2024-10-01,557.17395,476.944427,91.532326,104.160576,245.610001
2024-10-02,557.409058,477.618347,91.271294,103.930336,245.660004
2024-10-03,556.390015,477.261536,90.805206,103.258102,245.490005
2024-10-04,561.446167,482.940033,89.92894,102.696365,245.0
2024-10-07,556.370361,477.766937,89.602676,102.171471,244.169998
2024-10-08,561.632263,484.902222,89.677238,102.374062,242.369995
2024-10-09,565.5224,488.717651,89.341644,102.171471,241.050003
2024-10-10,564.532715,488.162689,89.332329,102.060974,242.820007
2024-10-11,567.91333,488.925751,89.360306,102.042572,245.470001
2024-10-14,572.5578,493.028534,89.201836,102.051758,245.070007
2024-10-15,568.109253,486.438293,89.658607,102.549072,245.919998
2024-10-16,570.578552,486.497803,89.798439,102.871346,247.149994
2024-10-17,570.627502,486.834717,89.332329,102.10701,248.630005
2024-10-18,572.822449,490.025818,89.434883,101.987305,251.270004
2024-10-21,571.881836,490.967285,88.745049,100.946709,251.220001
2024-10-22,571.578003,491.502441,88.661163,100.9375,253.929993
2024-10-23,566.355225,483.970673,88.456093,100.596786,250.869995
2024-10-24,567.580139,487.895111,88.651825,100.900658,252.800003
2024-10-25,567.384094,490.868134,88.456093,100.661232,253.320007
2024-10-28,569.138123,490.947449,88.250984,100.578369,253.330002
2024-10-29,570.059204,495.664642,88.288269,100.698067,256.089996
2024-10-30,568.334595,491.91861,88.157768,100.569145,257.5
2024-10-31,557.193604,479.501251,88.11116,100.366547,253.509995
2024-11-01,559.545166,483.049042,87.589378,99.816704,252.470001
2024-11-04,558.339905,481.641876,88.0569,100.556,252.830002
2024-11-05,565.091187,487.786072,88.103676,101.036568,253.399994
2024-11-06,579.142578,501.035919,87.196648,99.983032,245.699997
2024-11-07,583.620605,508.924347,87.897949,101.165947,249.649994
2024-11-08,586.148743,509.519043,88.084969,101.517097,247.960007
2024-11-11,586.707092,509.221771,87.84185,101.323036,242.139999
2024-11-12,584.884644,508.300018,87.290146,100.40815,240.050003
2024-11-13,585.168823,507.645996,87.234055,100.029228,237.630005
2024-11-14,581.406067,504.11795,87.224686,100.001511,237.009995
2024-11-15,573.959106,492.106964,87.262108,100.047729,236.589996
2024-11-18,576.310852,495.525879,87.45845,100.232552,241.089996
2024-11-19,578.417419,498.934967,87.6455,100.445099,243.25
2024-11-20,578.613464,498.647614,87.514587,100.204834,244.619995
2024-11-21,581.719604,500.441345,87.467812,100.084702,246.660004
2024-11-22,583.522583,501.244019,87.523926,100.177101,249.839996
2024-11-25,585.502075,502.036896,88.468369,101.424698,242.479996
2024-11-26,588.559204,504.732391,88.281342,101.165947,242.949997
2024-11-27,586.775757,500.758423,88.636673,101.535606,243.490005
2024-11-29,590.420898,505.158508,89.010696,102.164001,245.589996
2024-12-02,591.479187,510.658569,89.003227,102.32444,243.440002
2024-12-03,591.753479,512.224426,88.749962,101.962784,243.929993
2024-12-04,595.427917,518.557129,89.087631,102.454269,244.669998
2024-12-05,594.448181,517.119995,89.078247,102.426453,242.860001
2024-12-06,595.575012,521.748108,89.35965,102.658295,242.949997
2024-12-09,592.507935,517.684937,89.050117,102.398643,245.360001
2024-12-10,590.665894,515.920837,88.890663,102.240997,248.589996
2024-12-11,595.232056,525.157166,88.628021,101.962784,250.960007
2024-12-12,592.165039,521.767944,88.290367,101.387817,247.279999
2024-12-13,592.047546,525.761719,87.877655,100.822136,244.289993
2024-12-16,594.5755,533.332947,87.905792,100.951965,244.880005
2024-12-17,592.125793,530.984314,87.905792,100.96125,243.940002
2024-12-18,574.478455,511.828064,87.226349,99.709511,239.259995
2024-12-19,574.30188,509.548737,86.831085,99.169739,239.600006
2024-12-20,581.199951,513.998291,87.15107,99.560616,242.100006
2024-12-23,584.68042,519.006042,86.765228,99.272102,240.960007
2024-12-24,591.179138,526.043701,86.812294,99.579231,241.440002
2024-12-26,591.218506,525.68634,86.878136,99.672295,243.070007
2024-12-27,584.994873,518.698303,86.652321,99.25351,241.399994
2024-12-30,578.319153,511.799744,87.160469,99.68158,240.630005
2024-12-31,576.21521,507.452118,87.000481,99.430313,242.130005
2025-01-02,574.799561,506.459503,87.047562,99.439636,245.419998
2025-01-03,581.98645,514.747803,86.90638,99.20697,243.490005
2025-01-06,585.33905,520.663818,86.821693,98.955688,243.190002
2025-01-07,578.722351,511.372894,86.42646,98.499664,244.559998
2025-01-08,579.56781,511.46228,86.577034,98.657906,245.860001
2025-01-10,570.71936,503.441986,85.946526,98.090195,248.210007
2025-01-13,571.604248,501.824005,85.795944,97.810989,245.740005
2025-01-14,572.390747,501.347504,85.824173,97.922668,247.029999
2025-01-15,582.80249,512.881653,86.727608,99.095291,248.880005
2025-01-16,581.681763,509.288483,86.934616,99.290733,250.600006
2025-01-17,587.521729,517.88446,87.000481,99.374489,249.270004
2025-01-21,592.899719,520.921753,87.292229,99.951485,253.130005
2025-01-22,596.232666,527.582275,87.066345,99.635063,254.429993
2025-01-23,599.486816,528.703857,86.840515,99.495476,254.070007
2025-01-24,597.736694,525.716064,87.01931,99.690903,255.649994
2025-01-27,589.281616,510.410126,87.583946,100.379593,252.990005
2025-01-28,594.34491,517.953857,87.593353,100.23999,255.179993
2025-01-29,591.680542,516.981201,87.489853,100.109711,254.199997
2025-01-30,594.85614,519.184692,87.678047,100.333054,258.049988
2025-01-31,591.690369,518.430298,87.536903,100.007317,258.559998
2025-02-03,587.708557,514.281311,87.599205,100.165176,259.940002
2025-02-04,591.651062,520.594177,87.816338,100.361305,262.5
2025-02-05,594.049866,522.956665,88.326118,101.061836,264.130005
2025-02-06,596.114624,525.68634,88.222282,100.875031,263.429993
2025-02-07,590.658081,519.055725,87.929626,100.436058,263.899994
2025-02-10,594.669312,525.338928,87.910744,100.464066,268.369995
2025-02-11,595.121643,524.088257,87.684174,100.239899,267.390015
2025-02-12,593.204468,524.395996,87.079956,99.698151,267.670013
2025-02-13,599.467163,531.939819,87.731369,100.473412,270.309998
2025-02-14,599.437683,534.173279,88.099564,100.8657,266.290009
2025-02-18,601.19751,535.384216,87.627518,100.454727,270.700012
2025-02-19,602.613281,535.533142,87.76915,100.510773,270.850006
2025-02-20,600.106323,533.259949,87.948509,100.753616,270.98999
2025-02-21,589.84198,522.192383,88.467743,101.108543,270.73999
2025-02-24,587.157959,516.028198,88.656548,101.370079,272.209991
2025-02-25,584.237915,509.526642,89.355156,102.145317,268.619995
2025-02-26,584.532837,510.757477,89.600601,102.360153,269.029999
2025-02-27,575.202637,496.57309,89.49678,101.930473,264.929993
2025-02-28,584.178894,504.414734,89.987663,102.378815,263.269989
2025-03-03,573.944153,493.376862,90.314339,102.702286,266.73999
2025-03-04,567.150574,491.887939,90.030273,102.364754,269.059998
2025-03-05,573.246094,498.300201,89.528481,102.036621,269.619995
2025-03-06,563.070312,484.592316,89.481155,101.717819,268.25
2025-03-07,566.226257,488.155792,89.367523,101.558441,268.390015
2025-03-10,551.144531,469.236603,89.992409,101.905342,266.040009
2025-03-11,546.562927,468.11499,89.670509,101.23967,269.160004
2025-03-12,549.463257,473.39566,89.405411,100.939636,270.329987
2025-03-13,542.138611,464.879059,89.76519,101.258415,275.130005
2025-03-14,553.336914,476.115448,89.452728,101.21154,275.23999
2025-03-17,557.604004,479.202393,89.528481,101.417809,276.730011
2025-03-18,551.577148,471.033264,89.632622,101.661575,279.959991
2025-03-19,557.584351,477.336365,89.907211,102.26162,281.109985
2025-03-20,555.971802,475.718353,90.039749,102.11161,280.75
2025-03-21,556.155273,477.286682,89.964005,101.97097,278.48999
2025-03-24,566.115173,487.760406,89.443275,101.530319,277.25
2025-03-25,567.476013,490.543854,89.594749,101.633438,278.470001
2025-03-26,560.701294,481.517548,89.386475,101.220909,278.23999
2025-03-27,559.21228,478.773834,89.31073,101.09903,281.970001
2025-03-28,547.950684,466.168793,90.030273,101.70845,284.059998
2025-03-31,551.628967,466.148926,90.295372,101.905342,288.140015
2025-04-01,553.187012,469.906555,90.612633,102.269592,287.570007
2025-04-02,556.687866,473.336182,90.52713,102.504883,288.160004
2025-04-03,529.253784,447.996826,91.457954,102.495476,286.420013
2025-04-04,498.269684,420.17218,91.714417,102.382523,279.720001
2025-04-07,497.382141,421.186188,90.622131,100.387207,273.709991
2025-04-08,489.591827,413.601257,90.166206,99.1166,275.200012
2025-04-09,541.008423,463.246124,89.881264,100.773079,285.380005
2025-04-10,517.301941,443.543274,89.320862,99.060143,292.350006
2025-04-11,526.531982,451.714661,88.817474,99.041321,297.929993
2025-04-14,531.640198,454.77652,89.529831,99.653076,296.230011
2025-04-15,530.151062,455.283447,89.795799,100.18956,297.779999
2025-04-16,518.366882,441.555054,90.185196,100.613091,307.470001
2025-04-17,519.106506,441.475555,89.928764,100.471909,306.119995
2025-04-21,506.750336,430.550507,89.444344,99.389534,315.589996
2025-04-22,519.934937,441.853363,89.510826,99.634254,311.109985
2025-04-23,527.991455,451.873749,89.60582,100.076622,303.649994
2025-04-24,539.105225,464.588165,90.090233,101.102516,308.070007
2025-04-25,543.000366,469.767365,90.432159,101.638985,304.730011
2025-04-28,543.207397,469.618256,90.793068,101.874283,309.070007
2025-04-29,546.629272,472.719818,91.106529,102.109573,306.059998
2025-04-30,546.846252,472.660187,91.248985,101.629562,303.769989
2025-05-01,550.72168,478.833496,90.851639,101.272369,297.459991
2025-05-02,558.896667,485.941223,90.241768,101.02668,297.980011
2025-05-05,555.691772,483.05835,90.079765,100.884941,306.880005
2025-05-06,551.047058,478.565063,90.308456,101.083374,315.480011
2025-05-07,553.364563,480.443909,90.5467,101.291283,310.75
2025-05-08,557.220276,485.404419,89.841537,100.780998,304.630005
2025-05-09,556.510254,485.086304,89.908241,100.743172,306.839996
2025-05-12,574.90155,504.848846,89.336479,100.724312,298.190002
2025-05-13,578.698181,512.543091,89.269791,100.809326,299.459991
2025-05-14,579.437805,515.614868,88.936256,100.299057,293.160004
2025-05-15,582.267883,516.181396,89.51754,101.017235,297.839996
2025-05-16,585.955933,518.428162,89.546127,101.20623,294.23999
2025-05-19,586.596985,518.925232,89.498482,101.215683,298.029999
2025-05-20,584.624695,517.195435,89.38414,100.969978,303.579987
2025-05-21,574.773376,510.008087,88.764732,99.845482,305.820007
2025-05-22,575.000183,510.962494,89.098259,100.355759,303.109985
2025-05-23,571.075378,506.230591,89.355553,100.431366,309.75
2025-05-27,582.948364,518.139832,89.727188,101.338531,304.5
2025-05-28,579.575806,515.843323,89.479416,101.09285,303.809998
2025-05-29,581.863586,516.857422,89.851051,101.546417,305.609985
2025-05-30,581.21283,516.042297,90.117882,101.839355,303.600006
2025-06-02,584.486694,520.118042,89.811943,101.551018,311.670013
2025-06-03,587.819824,524.183838,89.725914,101.59845,308.910004
2025-06-04,587.661987,525.645264,90.385582,102.338234,310.899994
2025-06-05,584.821899,521.688721,90.117882,102.025246,309.329987
2025-06-06,590.827454,526.788391,89.400848,101.408768,305.179993
2025-06-09,591.359985,527.563782,89.563377,101.712273,306.619995
2025-06-10,594.712769,531.05304,89.716347,101.958862,306.709991
2025-06-11,593.016724,529.263672,90.089203,102.281334,308.369995
2025-06-12,595.373474,530.506226,90.481178,102.850418,312.200012
2025-06-13,588.717163,523.845947,90.146553,102.233917,316.290009
2025-06-16,594.318298,531.132568,89.888435,102.053703,311.779999
2025-06-17,589.239868,525.953369,90.328224,102.404625,311.940002
2025-06-18,589.151062,525.863831,90.385582,102.480515,310.26001
2025-06-20,587.767334,523.716736,90.44294,102.56588,310.130005
2025-06-23,593.573059,529.101746,90.758438,102.821953,311.079987
2025-06-24,600.130371,537.19281,91.073944,103.305664,306.190002
2025-06-25,600.466675,538.566101,91.112183,103.182381,307.119995
2025-06-26,605.164612,543.601868,91.437256,103.56176,306.779999
2025-06-27,608.171265,545.462952,91.198227,103.391029,301.220001
2025-06-30,611.079041,548.995911,91.561531,103.960098,304.829987
2025-07-01,610.881287,544.368225,91.391777,104.085754,307.549988
2025-07-02,613.650574,548.159912,91.199944,104.066711,309.25
2025-07-03,618.487,553.553955,90.883453,103.819206,307.140015
2025-07-07,613.878052,549.384094,90.595718,103.200439,307.369995
2025-07-08,613.541809,549.692566,90.461456,102.905342,304.160004
2025-07-09,617.221008,553.583862,90.931404,103.495552,305.519989
2025-07-10,618.961792,552.787659,90.883453,103.514587,306.200012
2025-07-11,616.785828,551.543701,90.461456,102.886314,309.140015
2025-07-14,617.962708,553.544067,90.42308,102.857742,308.01001
2025-07-15,615.322021,554.051575,90.06823,102.486481,306.730011
2025-07-16,617.379211,554.618774,90.317574,102.648315,308.26001
2025-07-17,621.157349,559.107239,90.288826,102.895813,307.589996
2025-07-18,620.702454,558.569824,90.538185,103.08622,308.390015
2025-07-21,621.879395,561.465881,90.854675,103.486038,313.130005
2025-07-22,621.968445,558.559814,91.113632,103.733543,316.100006
2025-07-23,627.259827,561.107605,90.787537,103.571709,312.179993
2025-07-24,627.467468,562.30188,90.653259,103.419403,310.269989
2025-07-25,630.118103,563.655396,90.864265,103.752579,307.399994
2025-07-28,629.9599,565.416809,90.662857,103.543152,305.410004
2025-07-29,628.298279,564.541077,91.2575,104.228554,306.25
2025-07-30,627.507019,565.297485,90.940994,103.838249,300.959991
2025-07-31,625.153198,562.30188,91.017731,103.866814,302.959991
2025-08-01,614.906555,551.22522,92.065567,104.788239,309.109985
2025-08-04,624.253052,561.396118,92.190681,104.969841,310.910004
2025-08-05,621.088074,557.584595,92.123322,105.04631,311.160004
2025-08-06,625.84552,564.600769,92.055946,105.017639,310.5
2025-08-07,625.321228,566.511597,91.988617,104.912498,313.119995
2025-08-08,630.197205,571.796082,91.776917,104.577957,313.049988
2025-08-11,628.95105,570.104187,91.805786,104.740448,308.549988
2025-08-12,635.646912,577.269714,91.786545,104.836029,308.269989
2025-08-13,637.822815,577.55835,92.113701,105.390411,309.209991
2025-08-14,637.88208,577.110596,91.815414,105.027199,307.25
2025-08-15,636.388672,574.572815,91.632584,104.893387,307.429993
2025-08-18,636.250122,574.343811,91.54599,104.702209,306.950012
2025-08-19,632.79834,566.551392,91.776917,104.8647,305.269989
2025-08-20,631.117004,563.187561,91.911629,104.912498,308.359985
2025-08-21,628.585083,560.5802,91.642197,104.51104,307.290009
2025-08-22,638.238159,569.228455,92.152184,105.333061,310.579987
2025-08-25,635.429199,567.586365,91.96936,105.055862,309.829987
2025-08-26,638.089783,569.865417,92.209923,105.132332,312.079987
2025-08-27,639.543701,570.741211,92.383133,105.17057,312.709991
2025-08-28,641.808533,574.313965,92.594818,105.333061,315.029999
2025-08-29,637.981018,567.666077,92.517838,104.950722,318.070007
2025-09-02,633.253357,562.908875,92.241745,104.599655,325.589996
2025-09-03,636.685364,567.337585,92.56031,105.223129,328.140015
2025-09-04,642.006348,572.472839,92.975418,105.942528,326.690002
2025-09-05,640.146973,573.298889,93.429146,106.633141,331.049988
2025-09-08,641.719543,576.095398,93.718758,107.007225,334.820007
2025-09-09,643.203125,577.7276,93.496719,106.815392,334.059998
2025-09-10,645.062561,577.916626,93.747719,107.131912,335.26001
2025-09-11,650.423157,581.280457,93.892525,107.630692,334.76001
2025-09-12,650.205505,583.847961,93.622223,107.438866,335.420013
2025-09-15,653.667175,588.843994,93.776688,107.774574,338.910004
2025-09-16,652.767151,588.346313,93.83461,107.678665,339.589996
2025-09-17,651.956116,587.172119,93.631882,107.486824,336.970001
2025-09-18,655.00238,592.466553,93.322945,107.266212,335.619995
2025-09-19,658.246521,596.477173,93.28434,107.179886,339.179993
2025-09-22,661.360657,600.008362,93.129875,106.940079,345.049988
2025-09-23,657.76062,596.022949,93.390526,107.151093,346.459991
2025-09-24,655.667786,593.930542,93.139542,106.71946,343.320007
2025-09-25,652.642944,591.369934,92.936806,106.527641,344.75
2025-09-26,656.381958,593.801025,92.88855,106.671516,346.73999
2025-09-29,658.226685,596.550964,93.158836,107.026405,352.459991
2025-09-30,660.706116,598.184998,93.120232,106.920906,355.470001
2025-10-01,662.95752,601.054504,93.433968,107.350258,356.029999
2025-10-02,663.721069,603.525513,93.5308,107.523552,354.790009
2025-10-03,663.711243,600.984802,93.346825,107.388771,357.640015
2025-10-06,666.091492,605.498291,93.075691,107.042206,364.380005
2025-10-07,663.621948,602.309998,93.30809,107.244362,366.26001
2025-10-08,667.579163,609.214722,93.327431,107.109581,372.299988
2025-10-09,665.645203,608.477417,93.259674,106.897789,365.429993
2025-10-10,647.654236,587.354553,93.84066,107.196228,369.119995
2025-10-13,657.591919,599.819031,93.889076,107.562065,378.089996
2025-10-14,656.788574,595.823669,94.131165,107.918251,380.790009
2025-10-15,659.704407,600.028259,94.024651,107.918251,387.390015
2025-10-16,655.211731,597.806396,94.460396,108.226318,396.450012
2025-10-17,658.930847,601.732056,94.305466,108.014526,388.98999
2025-10-20,665.784058,609.31427,94.431343,108.341843,403.149994
2025-10-21,665.774109,609.154968,94.605637,108.361099,377.23999
2025-10-22,662.312805,603.286377,94.625015,108.466995,377.279999
2025-10-23,666.240295,608.35791,94.31514,108.332222,378.790009
2025-10-24,671.685181,614.854126,94.40229,108.515129,377.519989
2025-10-27,679.609497,625.804199,94.40229,108.698044,367.01001
2025-10-28,681.414551,630.616516,94.489441,108.707657,364.380005
2025-10-29,681.741882,633.456238,93.879387,108.091537,363.0
2025-10-30,674.243958,623.771606,93.74382,107.513931,370.130005
2025-10-31,676.455627,626.780579,93.782578,107.080719,368.119995
2025-11-03,677.725159,629.779541,93.737885,106.792778,368.779999
2025-11-04,669.691711,616.996338,93.854446,106.937714,362.320007
2025-11-05,672.012512,621.011719,93.407623,106.618866,366.51001
2025-11-06,664.802185,609.443909,93.883598,107.179253,366.070007
2025-11-07,665.456726,607.520874,93.922447,106.966698,368.309998
2025-11-10,675.840759,620.961792,93.796165,107.024658,378.380005
2025-11-11,677.387878,619.307861,94.087578,107.449791,379.869995
2025-11-12,677.764771,618.819641,94.107002,107.343513,385.98999
2025-11-13,666.517944,606.185852,93.835022,106.812119,382.869995
2025-11-14,666.408936,606.644104,93.679611,106.522247,375.959991
2025-11-17,660.200256,601.463013,93.786453,106.589874,371.649994
2025-11-18,654.65625,594.139832,93.941879,106.638191,374.350006
2025-11-19,657.185303,597.686829,93.873871,106.647858,374.959991
2025-11-20,647.168335,583.538513,94.097298,106.792778,374.850006
2025-11-21,653.614868,587.922485,94.408142,107.169586,374.269989
2025-11-24,663.235168,602.957581,94.553841,107.594734,380.200012
2025-11-25,669.47345,606.674011,94.796677,107.894241,380.079987
2025-11-26,674.095215,612.034424,94.87439,108.261391,383.119995
2025-11-28,677.774719,616.996338,94.709267,108.077827,387.880005
2025-12-01,674.680359,614.923828,94.200699,107.498848,389.75
2025-12-02,675.930054,619.736328,94.278633,107.566742,387.23999
2025-12-03,678.27063,621.250793,94.473495,107.809181,386.880005
2025-12-04,678.766541,620.672913,94.181206,107.615242,387.130005
2025-12-05,680.055786,623.203613,93.986359,107.508545,386.440002
2025-12-08,678.012756,622.008057,93.791512,107.2855,385.420013
2025-12-09,677.427551,622.775208,93.655106,107.149734,387.399994
2025-12-10,681.92041,625.325867,93.957138,107.644325,389.049988
2025-12-11,683.507202,623.303284,93.966873,107.489166,393.23999
2025-12-12,676.158081,611.38678,93.71357,106.839409,395.440002
2025-12-15,675.136536,608.317993,93.791512,106.9655,395.799988
2025-12-16,673.29187,609.523621,94.054558,107.207932,395.890015
2025-12-17,665.88324,598.224792,94.035072,107.091568,399.290009
2025-12-18,670.911499,606.893188,94.278633,107.498848,398.570007
2025-12-19,676.99231,614.80426,94.066528,107.222359,399.019989
2025-12-22,681.209839,617.751343,93.968788,107.202881,408.230011
2025-12-23,684.323303,620.64447,93.929688,107.309982,413.640015
2025-12-24,686.73053,622.460205,94.174042,107.72863,411.929993
2025-12-26,686.660889,622.420349,94.262039,107.718887,416.73999
2025-12-29,684.213867,619.40741,94.398865,107.864937,398.600006
2025-12-30,683.378296,617.970764,94.301125,107.738373,398.890015
2025-12-31,678.315247,612.862854,93.988342,107.280785,396.309998
